timestamp,Accel_Time (s),Accel_X (m/s^2),Accel_Y (m/s^2),Accel_Z (m/s^2),Time (s),X (hPa),Gyro_Time (s),Gyro_X (rad/s),Gyro_Y (rad/s),Gyro_Z (rad/s),LinAccel_Time (s),LinAccel_X (m/s^2),LinAccel_Y (m/s^2),LinAccel_Z (m/s^2),app,H,Inclination (degrees)
0,0.5032046252000487,1.2135097828655823,5.0244440920303495,8.456510759569584,-0.5875145833,1016.5884400000002,0.5069726251991129,-5.0439213148294184e-05,-0.00028305819031503206,-0.0007244672818481014,0.5069726251991129,0.012916078251856412,0.0025792880378692935,0.18680051899178154,Red,5.16894811549706,31.434688817600588
0,1.1069231111682079,1.0333215755068064,5.030540071651208,8.496394495857084,0.4130604167,1016.5884400000002,1.1106911111636095,-0.0001459390103546973,-0.00030091235819739185,0.0002707386298413944,1.1106911111636095,0.012409776754003666,0.0025792880378694306,0.18986701395581287,Red,5.142132550562618,31.183175539394117
1,1.7650719750414363,0.8771534342316499,5.023055701751882,8.53811545393549,1.413634417,1016.5884400000002,1.768839975030994,-0.00026620585881212465,-0.00027431673845978706,0.0009624879846571248,1.768839975030994,0.011962480103649786,0.0025792880378695798,0.19286126726927685,Red,5.106011585634786,30.880526441863537
2,2.4920009889912533,0.7661865220072466,4.9961569905881476,8.580194434638187,2.414211417,1016.5884400000002,2.4957689889734973,-0.000428491963213176,-0.00016056971782882313,0.001138405394263391,2.4957689889734973,0.011663628069368867,0.0025792880378696596,0.19551805436834885,Red,5.058566488318347,30.521438854940413
3,3.2601186086239373,0.7070527218949142,4.953764006995279,8.619422632945115,3.414787417,1016.5884400000002,3.263886608600083,-0.000648193686003406,7.36358501563662e-05,0.000827958656770802,3.263886608600083,0.01154613437154495,0.0025792880378695208,0.19751513120791728,Red,5.004985317786068,30.141248329984823
4,4.039585144821012,0.6882082718751713,4.905194868706117,8.653407398881054,4.415365417,1016.5884400000002,4.043353144797983,-0.0009289432953292004,0.00042921464872815304,0.0002886539882167198,4.043353144797983,0.01152505800261728,0.0025792880378689423,0.1987350657222067,Red,4.952656417166767,29.78374282679249
4,4.830939966552682,0.6892944354288338,4.861016204527964,8.680239565763019,4.966313417,1016.5884400000002,4.834707966546708,-0.0012034702549316226,0.0008333027615687603,-0.00020894806257231287,4.834707966546708,0.011525849959392835,0.0025792880378676776,0.19930503057551316,Red,4.9086678862005355,29.489837327919535
5,5.6599554702259365,0.6905575644446481,4.831634902016045,8.697497142351262,5.966892417,1016.5884400000002,5.663723470265185,-0.001324915474492737,0.0011166286444561847,-0.000521473352231288,5.663723470265185,0.011599592695317346,0.002579288037865577,0.19945289837289418,Red,4.880052653221145,29.301574570370235
6,6.546051962687276,0.6786253140429961,4.823611869617393,8.703653669522623,6.967466417,1016.5884400000002,6.549819962810421,-0.0012163376073137265,0.0011033433182708152,-0.0006129694447508155,6.549819962810421,0.011809195216268796,0.002579288037862824,0.19938662597994047,Red,4.871100196439818,29.244304825974233
7,7.4865263263783906,0.6492210932426622,4.834109431199431,8.70083928528245,7.968045417,1016.5884400000002,7.490294326624279,-0.0009860847292157983,0.0007794696652689351,-0.0005029577000939026,7.490294326624279,0.012102303727971872,0.0025792880378602894,0.19924983786386768,Red,4.878257130060779,29.292740105669854
8,8.465646573281688,0.60578989541551,4.849080690169533,8.696012119200658,8.968619417,1016.5884400000002,8.469414573664197,-0.0008073838080021304,0.00031956192493270595,-0.0002485752045191689,8.469414573664197,0.012382411936202395,0.0025792880378599425,0.19912084906395128,Red,4.888034546615909,29.356445759562764
9,9.466446847617744,0.5583863213826432,4.849309516264867,8.69750608981661,9.969196417,1016.5884400000002,9.470214848081522,-0.0007486654227579578,-6.293630023962528e-05,4.106156433625172e-05,9.470214848081522,0.012595153295696734,0.0025792880378651207,0.1990298837335623,Red,4.882663935380167,29.31740087208149
10,10.475981804408315,0.5240364321040717,4.822997275682978,8.707448537127963,10.96977842,1016.5884400000002,10.479749804767524,-0.0007340431475098428,-0.00024040468723615356,0.00021601464996837843,10.479749804767524,0.012694452972954485,0.0025792880378802978,0.1989791589173589,Red,4.852527592217781,29.11397097132644
11,11.486458335283896,0.5214605698885958,4.7736711048891785,8.718421470555276,11.97034842,1016.5884400000002,11.49022633515879,-0.0006215567155971451,-0.0001980311804047744,0.00018686417693625354,11.49022633515879,0.012612800517295145,0.0025792880379097785,0.19895873207535433,Red,4.803382275519956,28.78858752619749
12,12.494372516856918,0.5602565173909306,4.714811419091083,8.720041880215602,12.97092542,1016.5884400000002,12.4981405156453,-0.00036944234266897327,6.443051433751009e-06,-5.462362334694766e-06,12.4981405156453,0.012295624770460605,0.0025792880379546385,0.19895632387860213,Red,4.749800375805591,28.441308615372588
13,13.499046914632014,0.6341831646878392,4.6609248299278185,8.708330397914258,13.97150442,1016.5884400000002,13.502814911584732,-8.480486003617769e-05,0.00030634340435745186,-0.00028095759531688116,13.502814911584732,0.011754259016073347,0.002579288038007433,0.198962003589858,Red,4.705550718996726,28.163957358867478
14,14.501204319458328,0.725767330857244,4.625256294235764,8.688193802762267,14.97207742,1016.5884400000002,14.50497231395902,0.00012858097063351577,0.0006186178913941703,-0.0006134750099025045,14.50497231395902,0.011128783253148197,0.0025792880380449404,0.19896948949653814,Red,4.68190581419376,28.029348863360983
15,15.501878510075237,0.8188152980524135,4.618798584825282,8.666661100868408,15.97265542,1016.5884400000002,15.505646502232116,0.00024881066461730165,0.0008048055858636919,-0.0009726641667216528,15.505646502232116,0.010701620578106105,0.002579288038020899,0.19897570114759464,Red,4.688337030646182,28.096396305063074
16,16.501852369379716,0.9048576706959969,4.645177663769292,8.64560577140671,16.97332342,1016.5884400000002,16.50562036053066,0.00027895399694814467,0.0007605941248655077,-0.0012572167548809477,16.50562036053066,0.010723885877144047,0.002579288037863472,0.1989797107482148,Red,4.728445483893645,28.380790155159097
17,17.501546113181462,0.9747908028035229,4.695050052360523,8.625122838046122,17.97380642,1016.5884400000002,17.505314105338325,0.00023191393790836988,0.0005685961273147021,-0.0013632475130899578,17.505314105338325,0.011178103910138114,0.0025792880374858225,0.19898172946184697,Red,4.793200893064806,28.806080518224007
18,18.50111652044553,1.0073851420888804,4.744481408582428,8.610417341520844,18.97438442,1016.5884400000002,18.50488451494596,0.0001470398116785907,0.00044348934588390803,-0.0012692424943928353,18.50488451494596,0.011813936016950848,0.0025792880368215344,0.19898238163935844,Red,4.857534758142809,29.180206473896668
19,19.500628895518233,0.978813987903765,4.763271436893071,8.607878817368785,19.97495942,1016.5884400000002,19.504396892469988,6.77398772621717e-05,0.000505672082054334,-0.0010180006913673204,19.504396892469988,0.012399678240017125,0.0025792880358970725,0.1989822937336501,Red,4.890280867809237,29.269535658624694
20,20.5002036306156,0.8897839432746883,4.735274024672908,8.615643140800943,20.97553242,1016.5884400000002,20.50397162940175,1.4704276039654088e-05,0.0006756253170559959,-0.0006690020230967052,20.50397162940175,0.012851501118907286,0.002579288034946607,0.19898192403695897,Red,4.878103199236972,28.97326759004504
21,21.500001998024352,0.7712472152654661,4.673556801778048,8.624723454727578,21.97611042,1016.5884400000002,21.50376999789527,-1.4296690244242412e-05,0.0007589008432643166,-0.0003058088600465904,21.50376999789527,0.013188010345003423,0.0025792880345544052,0.19898153777110636,Red,4.837974579471242,28.42476011449561
22,22.50008657593028,0.6600025057447444,4.613653634839329,8.630235800114258,22.97668842,1016.5884400000002,22.50385457628382,-3.4862358624942886e-05,0.0006339634038222416,-6.198178471446131e-05,22.50385457628382,0.01344892069198393,0.002579288035770938,0.19898124890094177,Red,4.799999837776897,27.906505582229
23,23.50036198637335,0.5771315835846147,4.591522348965692,8.63559087373119,23.97726442,1016.5884400000002,23.504129986830726,-6.947139040171795e-05,0.0003654783914119337,-4.3475141724664515e-05,23.504129986830726,0.013632205703226243,0.002579288040089418,0.19898107820815125,Red,4.78279413071406,27.678019770034457
24,24.50064550888624,0.5261823625075657,4.621902030008368,8.644913911350578,24.97784242,1016.5884400000002,24.504413509263074,-0.00014187250792767938,0.00010338672353071696,-0.00021720270191380277,24.504413509263074,0.013682834006725946,0.002579288049099569,0.19898100240504013,Red,4.789840755547754,27.83570627263291
25,25.500767245191316,0.5035389699938746,4.691813811302497,8.656355736998577,25.97841142,1016.5884400000002,25.504535245433225,-0.0002688864881982532,-5.885204729990232e-05,-0.00046276856399969424,25.504535245433225,0.013569015769673152,0.002579288063585819,0.19898098629218847,Red,4.818287985750652,28.283872353851343
26,26.50066792718607,0.5023183253027607,4.775377423846096,8.663964693916881,26.97935542,1016.5884400000002,26.504435927307007,-0.00044615390624047255,-0.00010490624888664167,-0.000690449497655407,26.504435927307007,0.013345222697095524,0.0025792880818690583,0.19898099923136459,Red,4.861168800453566,28.83855490768159
27,27.500460357012987,0.5067707673729376,4.852255701246161,8.664250182281487,27.97956742,1016.5884400000002,27.50422835705136,-0.0006261188393425779,-6.83991394883429e-05,-0.0008584358033212683,27.50422835705136,0.01309831234017033,0.002579288097399851,0.1989810206889991,Red,4.907565133138821,29.34568867454636
28,28.500348557011634,0.5026052784942763,4.910423924750931,8.658582420598554,28.98014242,1016.5884400000002,28.50411655700558,-0.0007210200146431496,-2.1821625874344572e-05,-0.0009363634135928427,28.50411655700558,0.012875619314164598,0.0025792880961114694,0.1989810397648706,Red,4.945669976195408,29.71262408645006
29,29.50044713001187,0.49474576093422895,4.941696661019096,8.648927299589767,29.98071842,1016.5884400000002,29.504215129989113,-0.0006690739894944405,-5.4836157296445585e-05,-0.0008997319744527452,29.504215129989113,0.01268975451789347,0.0025792880549212506,0.1989810523689516,Red,4.965821211254925,29.898028979672393
30,30.500702469779693,0.49824854394684154,4.940558862006057,8.63594795078873,30.98129442,1016.5884400000002,30.504470469756185,-0.000483308560971586,-0.0002093579500045943,-0.0007824235505351968,30.504470469756185,0.012556768155557008,0.0025792879439933006,0.19898105821777495,Red,4.961163897117897,29.89116257926112
31,31.50095815108856,0.5172128746724792,4.903444702884803,8.62272885024892,31.98186942,1016.5884400000002,31.50472615107109,-0.00019945298088441904,-0.0004265517284702378,-0.0007007642738458029,31.50472615107109,0.012509015251654468,0.002579287736633965,0.19898105863652185,Red,4.92581760541319,29.679902223376192
32,32.50105744624866,0.5432430707412067,4.833126038245507,8.615095802530854,32.98244642,1016.5884400000002,32.5048254462384,0.0001846339319677875,-0.0006047318967244991,-0.0007547840898053943,32.5048254462384,0.012560259428953181,0.0025792874312094496,0.19898105541064143,Red,4.859692228835079,29.27534578919142
33,33.500946017456684,0.5684343029178298,4.745871170392303,8.61737945327495,33.98302842,1016.5884400000002,33.50471401745217,0.0006887742084699277,-0.0007179834414699399,-0.0009254046204579072,33.50471401745217,0.012675883025070684,0.0025792870878606575,0.1989810505545543,Red,4.77713524987426,28.76986697053612
34,34.500737772167874,0.5937351685072473,4.665529906698034,8.63035424740138,34.98360242,1016.5884400000002,34.50450577216695,0.0012809889267069586,-0.000818523401958181,-0.0011000662178753797,34.50450577216695,0.012803900193259847,0.0025792868770657864,0.19898104670294658,Red,4.701789875623909,28.30032755333564
35,35.5006367559149,0.6271783701644592,4.608828851173377,8.650224837211505,35.98417942,1016.5884400000002,35.5044047559157,0.00180392607753074,-0.0009365052458288686,-0.0011668714136274941,35.5044047559157,0.012914646381944535,0.0025792871251616393,0.19898104773487751,Red,4.6515537238436275,27.94123070435078
36,36.50075750278883,0.6777239764179211,4.580903987492658,8.668308542205562,36.98475242,1016.5884400000002,36.50452550279013,0.0020113796321151326,-0.0010522225685291986,-0.0010867047890185117,36.50452550279013,0.012999315612195698,0.002579288322743228,0.19898105911100164,Red,4.633136020326841,27.665708874470482
37,37.5010455629963,0.7490657289734248,4.582501883661507,8.675550093461945,37.98571042,1016.5884400000002,37.50481356299746,0.001791467745062893,-0.0011476474466684137,-0.0009074694509395019,37.50481356299746,0.01305120534447541,0.0025792910376468466,0.1989810872100412,Red,4.648065273089757,27.395860819685996
38,38.501340350025515,0.8349934510881627,4.61640101293921,8.667908765074188,38.98590342,1016.5884400000002,38.5051083500263,0.0012940181831773325,-0.0012424873494953034,-0.0007356172519192513,38.5051083500263,0.01305137490159074,0.002579295653666559,0.1989811367599559,Red,4.698022325417213,27.072980184174096
39,39.50147337779382,0.9206865649825953,4.682932452090513,8.648015744812609,39.98647842,1016.5884400000002,39.50524137779424,0.0007394915776998254,-0.0013668045533698292,-0.0006921747258550142,39.50524137779424,0.012961164206262301,0.0025793018578986254,0.19898120546535691,Red,4.780333487317265,26.69983249705249
40,40.50136607781386,0.9911690376929517,4.767266776310391,8.62368448281176,40.98706142,1016.5884400000002,40.50513407781402,0.0002319310477988925,-0.0014994064279885435,-0.0008360943854281071,40.50513407781402,0.012725573004119917,0.002579307854233389,0.19898127547108801,Red,4.876866222344913,26.336223120742524
41,41.50109287159505,1.0385756055962905,4.838977865890127,8.602957581373168,41.98763342,1016.5884400000002,41.50486087159505,-0.00016440227062849858,-0.0015866547310878526,-0.0011014447854216403,41.50486087159505,0.01232053554939912,0.0025793094275355704,0.19898130281955762,Red,4.955303252011257,26.066009537149462
42,42.500806998812465,1.0620891917136817,4.870192225121653,8.589921641214072,42.98821242,1016.5884400000002,42.504574998812394,-0.0003143751828218167,-0.0016246139375365298,-0.0013316155607993496,42.504574998812394,0.011834578574686429,0.002579299257804966,0.19898120898050672,Red,4.987389204972258,25.968573720166436
43,43.50057799177263,1.0642718038641026,4.850023096613742,8.58541334524214,43.98878642,1016.5884400000002,43.504345991772546,-0.00010000880999379438,-0.001641265324325594,-0.0013921410170177088,43.504345991772546,0.011460803793396469,0.0025792672881952573,0.19898088295268132,Red,4.962554788801424,26.090503785707128
44,44.50034980492741,1.0485651164098346,4.786763493639539,8.589244751257052,44.98936342,1016.5884400000002,44.50411780492733,0.0004095083592401381,-0.0016139224638954282,-0.0012703101374395942,44.50411780492733,0.011367783829246227,0.0025792034054242397,0.19898020760200494,Red,4.889890180952774,26.41311099612141
45,45.50006641646676,1.0196974802305896,4.705093471590678,8.601014967100868,45.98994342,1016.5884400000002,45.5038344164667,0.0009109778251159698,-0.00147773196920151,-0.0010679275498277408,45.5038344164667,0.011569283116362005,0.002579103969878929,0.1989791274903443,Red,4.796101134515431,26.849463867005046
46,46.49979738132814,0.984545422020729,4.633465160793293,8.619469779313684,46.99052242,1016.5884400000002,46.503565381328116,0.0010096949865040113,-0.0011819314070197432,-0.0009069767347404088,46.503565381328116,0.011904641850013015,0.0025789834031980773,0.19897777287184193,Red,4.71408023073704,27.28697590599638
47,47.49969586932902,0.9488727249038789,4.586067059780085,8.640536407609249,47.99109042,1016.5884400000002,47.50346386932901,0.0005456887408233457,-0.0007302453559654764,-0.0008674592439149066,47.50346386932901,0.012153146347669615,0.0025788904534121866,0.19897663869986143,Red,4.665445234553919,27.634841646005665
48,48.49983613714885,0.9120892924219816,4.558591096414638,8.656820736246182,48.99169442,1016.5884400000002,48.50360413714888,-0.00020599984395191332,-0.00019948460933348324,-0.0009866623650986426,48.50360413714888,0.012191027431574778,0.002578925159886022,0.1989767798871688,Red,4.65560047752168,27.836261824928542
49,49.50013951733529,0.867408220759259,4.537923617476139,8.661722503370104,49.99224942,1016.5884400000002,49.50390751733539,-0.0008065843028952069,0.0003106349639267991,-0.0012628405213677132,49.50390751733539,0.01208190294555451,0.0025792464246519736,0.19897991830884357,Red,4.681539827632368,27.856725894991982
50,50.500437644191955,0.8100734730347046,4.512435341990992,8.653801135090246,50.99282142,1016.5884400000002,50.50420564419214,-0.0010408425082140042,0.0007145509691398223,-0.0016343460366606225,50.50420564419214,0.011995046158944325,0.0025800518791156517,0.1989882660633317,Red,4.738299067150945,27.682106024659255
51,51.50057019121643,0.7454116154350191,4.48052980259442,8.636862801269464,51.99339942,1016.5884400000002,51.50433819121671,-0.000977457348799293,0.0009266532494845952,-0.0019710592820017725,51.50433819121671,0.01203268626229426,0.0025815037969000804,0.19900377689973134,Red,4.8186693955740605,27.34204678832466
52,52.50048290648908,0.6858111536356758,4.4554508106124935,8.617583415975336,52.99397442,1016.5884400000002,52.504250906489396,-0.0008337043925164046,0.0009282474870263158,-0.002146100623160541,52.504250906489396,0.012194905014231584,0.0025835727308847183,0.19902650168705233,Red,4.9087307290341595,26.923501971740723
53,53.5002903701191,0.6407272748569474,4.459076436545062,8.601774253349657,53.99454742,1016.5884400000002,53.504058370119296,-0.0008143086364089044,0.0008283657600112711,-0.00212523587773941,53.504058370119296,0.012424663140137692,0.0025857840435958733,0.19905184837222717,Red,4.989136739734799,26.530148867340138
54,54.50019653793691,0.612082896576538,4.508083180817972,8.591659464928693,54.99512342,1016.5884400000002,54.503964537936675,-0.0009716714008996777,0.0007467763007930697,-0.0019489655412403433,54.503964537936675,0.012649301033690599,0.0025868948758488147,0.19906697907805784,Red,5.045725535370909,26.22670693668224
55,55.50031513283331,0.5962792377083522,4.60133583363825,8.586598044380436,55.99569942,1016.5884400000002,55.50408313283219,-0.0011734142123163607,0.0006751537557306348,-0.0016681285069424271,55.50408313283219,0.012846337330793028,0.002584613748283434,0.1990474719263331,Red,5.075527516395498,26.03032996614006
56,56.50059155230613,0.5869719000784827,4.7141751462209625,8.58492423935711,56.99627742,1016.5884400000002,56.5043595523036,-0.0012018903947595618,0.0005199517216872947,-0.0013325746173567694,56.5043595523036,0.013012973724369986,0.002575606717784701,0.19895680609550567,Red,5.082286872782281,25.933812510596027
57,57.50086863202813,0.5767594667977994,4.80915364158763,8.584987094421143,57.99685342,1016.5884400000002,57.504636632023825,-0.000946502909423177,0.00023981282811337212,-0.0010037700040385737,57.504636632023825,0.013085908536941221,0.002556193680825997,0.19875302266663847,Red,5.070875410949169,25.920638716190734
58,58.50098919460107,0.5591317545865813,4.858864314433126,8.585591235046548,58.99742942,1016.5884400000002,58.504757194595285,-0.00054123384091996,-0.00010655011669523128,-0.0007452532712405992,58.504757194595285,0.013013528735920904,0.0025242614104546016,0.1984084148557113,Red,5.045670839155866,25.968377233868313
59,59.50089859872264,0.5319659977978795,4.858483425678211,8.586091192871836,59.99800942,1016.5884400000002,59.50466659871706,-0.00026014396338374784,-0.0004246273314759222,-0.0005948719692814297,59.50466659871706,0.012872834161544423,0.0024828736698149613,0.19794791135742568,Red,5.012183305333375,26.04680670611193
60,60.50071052958467,0.5021895446450434,4.824250920054288,8.586341775677518,60.99858242,1016.5884400000002,60.50447852958319,-0.0002686325401399118,-0.0006736537752887818,-0.0005539214304089233,60.50447852958319,0.012776517878836317,0.002445632752398965,0.1975076545614438,Red,4.9810146848088115,26.10882224565819
61,61.50062897213422,0.4860885509310561,4.787757666287385,8.586622696079043,61.99915842,1016.5884400000002,61.50439697214365,-0.000515777953570035,-0.0008907855165175229,-0.0006000164392766173,61.50439697214365,0.012701645007170883,0.002442779319008749,0.19731868765123456,Red,4.967267228863588,26.094129326038125
62,62.500768603148515,0.4994125977596165,4.780095301213506,8.587569712044907,62.99973942,1016.5884400000002,62.504536603178224,-0.0007940307832655484,-0.0011179980864853075,-0.000706681501326921,62.504536603178224,0.012554211129918382,0.0025250936773891283,0.19750765453736038,Red,4.978021471552238,25.973809877337587
63,63.501075217765454,0.5453839963280606,4.808680259516129,8.590069020122016,,1016.5884400000002,63.50484321782484,-0.0008437921496732056,-0.001330344593715444,-0.0008559719820922294,63.50484321782484,0.01235346567809095,0.0027599211115491174,0.19794791130862277,Red,5.003011496561936,25.795942181178212
64,64.50138844408941,0.612494985846487,4.854530453622007,8.595012089049964,64.00031342,1016.5884400000002,64.50515644418184,-0.0005239933219917019,-0.0014502978515793842,-0.0010295033383276805,64.50515644418184,0.012233946787503244,0.0032107159272285832,0.19840841478522042,Red,5.0247584597112445,25.670904493915035
65,65.50153990722282,0.6811722768517962,4.894057793579702,8.602776259705928,65.00089042,1016.5884400000002,65.50530790733485,3.09587426659131e-05,-0.001403996044863723,-0.001183742809434157,65.50530790733485,0.01228598545608171,0.0038900307654002302,0.19875302258949828,Red,5.032391938139168,25.723787465863943
66,66.50145104486862,0.7359256649292812,4.915584386976747,8.612319689996655,66.00146642,1016.5884400000002,66.50521904495496,0.0004985324369965312,-0.001180789600418839,-0.0012510295297302521,66.50521904495496,0.01246533040497085,0.0046789056169963565,0.19895680604986804,Red,5.024335579186777,26.04829118813943
67,67.50119623344435,0.7791565115563637,4.919459319955473,8.619903904935724,67.00204042,1016.5884400000002,67.504964233412,0.0006564180514817362,-0.0008564184458111203,-0.0012016967472687054,67.504964233412,0.012667642134008443,0.005323677005689201,0.19904747198370348,Red,5.0070998341688595,26.640838012214342
68,68.50092866381621,0.8369263398025928,4.911986592723416,8.619992616278221,68.00261942,1016.5884400000002,68.5046966635175,0.0005301869744550806,-0.0005322076121609388,-0.0010911655779697138,68.5046966635175,0.012825718233924305,0.0056375948558666745,0.19906697934503884,Red,4.9931202846792955,27.37067639085651
69,69.50071782502167,0.9442688732872568,4.898014329062036,8.610659706898785,69.00326242,1016.5884400000002,69.504485824273,0.00027104534235858173,-0.000269441127529065,-0.0010105041639456031,69.504485824273,0.01292095243936015,0.005615827631019712,0.19905184897099984,Red,4.993120996727931,28.086619805671642
70,70.50050761551884,1.11356951938791,4.879024033392476,8.59674962734743,70.00377042,1016.5884400000002,70.50427561416956,8.500620712274978e-06,-9.3987039359012e-05,-0.0010160779813319354,70.50427561416956,0.012961082588187994,0.005269975907122006,0.1990265026975163,Red,5.009953838597515,28.758518281049486
71,71.50024191706345,1.3223907479604882,4.858446168458684,8.585754722704513,71.00434542,1016.5884400000002,71.50400991514117,-0.0001641115034222551,-1.856077280931481e-05,-0.00110947397002846,71.50400991514117,0.012965369834707308,0.004617620107287698,0.1990037782468569,Red,5.041966744078864,29.438573121948142
72,72.49999016499576,1.5371008106031614,4.842908822594437,8.583204415957885,72.00492642,1016.5884400000002,72.50375816283052,-0.000180591782478195,-3.470475739926122e-05,-0.001234059758481637,72.50375816283052,0.012953165182571984,0.003839046435501615,0.1989882673455664,Red,5.088176438043359,30.1378638146344
73,73.49990545313545,1.731806241764859,4.841584822272363,8.589794269565228,73.00550242,1016.5884400000002,73.50367345122426,-5.439137407749788e-05,-0.00010390407216767536,-0.0012933962963179739,73.50367345122426,0.012937460771181606,0.0031729948622016575,0.1989799185959373,Red,5.150503092297201,30.861634201834338
74,74.50006201202125,1.8798780777368709,4.865636572450211,8.599797374797523,74.00607842,1016.5884400000002,74.5038300106982,0.00010085526663071835,-0.0001810682056837658,-0.0012297585331306898,74.5038300106982,0.01292456793703355,0.0027278097444436507,0.19897677757606486,Red,5.231017349010979,31.676603592748748
75,75.50038110158212,1.9497647181859021,4.9143602677319835,8.606003012400876,75.00665842,1016.5884400000002,75.50414910088055,0.00017421111361891678,-0.00024070193173472118,-0.0010800868627640183,75.50414910088055,0.01291633036276818,0.0024876503423058227,0.19897663160542434,Red,5.318870591226907,32.61361536638095
76,76.50069424622794,1.9191094172138692,4.96696690898015,8.606027662309295,76.00723042,1016.5884400000002,76.50446224599953,0.00015387596563498816,-0.00027701086839992196,-0.0009226270958604158,76.50446224599953,0.012912235331742159,0.0023924024057462184,0.19897775882714341,Red,5.386316572376615,33.584604228234525
77,77.50084132670159,1.7886130884030282,5.00408352792105,8.600846669076617,77.00780742,1016.5884400000002,77.50460932675315,9.07531295849466e-05,-0.00029389518442887405,-0.0008044383506541737,77.50460932675315,0.012910911753654008,0.002385334696241998,0.19897910578895214,Red,5.409833897163327,34.45799676543316
78,78.50076912737946,1.5851934773963772,5.025638920387006,8.590386501329213,78.00838042,1016.5884400000002,78.50453712753026,2.7179690034199083e-05,-0.000298202077602692,-0.0007343505623520262,78.50453712753026,0.012910973287037076,0.0024348999926710386,0.1989801815372598,Red,5.391494762250423,35.11066033266701
79,79.50059428929153,1.3478805023626208,5.037627496970061,8.572839733053966,79.00895842,1016.5884400000002,79.50436228938017,-1.9130042703881326e-05,-0.00029614418556563976,-0.000703030104401127,79.50436228938017,0.012911374021552027,0.0025387634824522052,0.19898086335463153,Red,5.358091324516484,35.40034246808952
80,80.5005235837592,1.1137391866477047,5.036931521176605,8.546669225336338,80.00953542,1016.5884400000002,80.50429158363116,-4.543453884379268e-05,-0.00029199216062203047,-0.0006961638239928145,80.50429158363116,0.012911489856271106,0.002715267106369364,0.19898121785778,Red,5.340140302958063,35.243474706547346
81,81.50067357086314,0.9179712629371692,5.018459459526626,8.51383829624731,81.01011342,1016.5884400000002,81.50444157036881,-5.603942401501085e-05,-0.0002880610131304631,-0.0007012450134450677,81.50444157036881,0.012911102858986414,0.002983494326430456,0.19898137487498826,Red,5.347870717372778,34.74463139973357
82,82.50099093555517,0.7833825330420128,4.985974094060954,8.48270890861402,82.01069342,1016.5884400000002,82.50475893458568,-5.727862873403347e-05,-0.00028523823758644113,-0.0007098872440011883,82.50475893458568,0.012910400054832105,0.0033304583856830065,0.198981453475915,Red,5.369510955510923,34.13377208948302
83,83.50131539374433,0.7074831718429753,4.9482995651194726,8.465968144608116,83.01126742,1016.5884400000002,83.5050833923283,-5.5085527020859305e-05,-0.0002835988651764546,-0.0007176677588162704,83.5050833923283,0.01291002518648181,0.0036649418286299343,0.19898152377956774,Red,5.387263568996557,33.55616773217132
84,84.50147817421767,0.6713055570383042,4.912777994772872,8.471743811076033,84.01183942,1016.5884400000002,84.50524617260695,-5.425116766891027e-05,-0.0002828966839209928,-0.0007229933008653253,84.50524617260695,0.01291114589706025,0.003828134634043081,0.19898158690867185,Red,5.385661117342429,32.96239433820949
85,85.5014002206491,0.6544628040287586,4.887434980959019,8.49588254161679,85.01241842,1016.5884400000002,85.50516821921563,-5.838857413038749e-05,-0.00028287507676753295,-0.0007258684054226296,85.50516821921563,0.012915416878277157,0.0037400067856178517,0.1989815624916188,Red,5.353857783516214,32.17918794849078
86,86.50115560485483,0.6433269603069884,4.881948427492342,8.525544973736203,86.01299242,1016.5884400000002,86.5049236038459,-6.976129164052538e-05,-0.0002834134902565025,-0.000726955765168665,86.5049236038459,0.012924636303012854,0.003505156967841758,0.19898128461608955,Red,5.2923427290443765,31.06991461879148
87,87.50089745503595,0.6309233546842031,4.898593676923605,8.550035699365461,87.01357442,1016.5884400000002,87.50466545447452,-8.835409266464737e-05,-0.00028454187590684074,-0.0007270107270427315,87.50466545447452,0.012939834010471968,0.003291558582284044,0.19898052076584521,Red,5.216447768985411,29.678432403041402
88,88.50069540460716,0.6102279463538391,4.9271146735563915,8.565739045221582,88.01414842,1016.5884400000002,88.50446340438515,-0.00010986857946864346,-0.00028634309216390893,-0.0007266229128318888,88.50446340438515,0.01295955471633173,0.0031658073262230543,0.1989790413317927,Red,5.147610004509451,28.23756961743013
89,89.50049381728712,0.577578824395024,4.954056152627095,8.573919278839101,89.01472342,1016.5884400000002,89.50426181727393,-0.0001228231213794113,-0.0002887465909352615,-0.0007261545317766166,89.50426181727393,0.012977306011251782,0.0030901589889393405,0.198976774575234,Red,5.099718840514482,26.966650941197123
90,90.50023761471157,0.5407794467231355,4.971308408377035,8.578254367637744,90.01529542,1016.5884400000002,90.50400561480477,-0.0001057709438354283,-0.000291216968605383,-0.0007257768367423944,90.50400561480477,0.012978652848651469,0.0030351128184838237,0.19897407387313826,Red,5.074153806674228,25.892302068491272
91,91.49999803901676,0.5093480670548323,4.975810964906322,8.582984825525967,91.01587842,1016.5884400000002,91.50376603915343,-2.6906632585352843e-05,-0.0002923772879128401,-0.0007255376284325008,91.50376603915343,0.012939359764503368,0.00305340594064254,0.19897208633132574,Red,5.06318295029187,24.98262313163317
92,92.49993067206407,0.4915351769222338,4.967307868626699,8.591276346000555,92.01645242,1016.5884400000002,92.50369867220991,0.00015012180444110072,-0.00028969481298807314,-0.0007254236521041714,92.50369867220991,0.01282729047754519,0.003227019740032459,0.19897312793743213,Red,5.054284835923623,24.350357842334414
93,93.50011233921276,0.5121807719821865,4.945954557333957,8.605048029815038,93.01702542,1016.5884400000002,93.50388033934101,0.0004490985009709942,-0.00027949971253471526,-0.0007254039541818593,93.50388033934101,0.012612171627399024,0.003569647334260191,0.19898082986347712,Red,5.034134404880739,24.189883129618106
94,94.50046561739086,0.610382702211362,4.911371377641186,8.624753330154872,94.01760242,1016.5884400000002,94.50423361745891,0.0008479209188559019,-0.0002577817658040807,-0.0007254527131524932,94.50423361745891,0.012288027353202528,0.003965841166107484,0.19899963455946243,Red,4.992767555789936,24.592350546377585
95,95.50081936617163,0.8063675372358544,4.865632217439086,8.6473820684797,95.01817742,1016.5884400000002,95.50458736610217,0.0012278201103988644,-0.00022234204301763068,-0.0007255549905690365,95.50458736610217,0.011911645521480168,0.004211720078822603,0.19903304566477623,Red,4.928487027987827,25.441687442929144
96,96.50100256114426,1.0709447594736157,4.815046522728949,8.665792116423994,96.01875542,1016.5884400000002,96.50477056082013,0.001387983800760509,-0.00017681707991340184,-0.0007256994490172679,96.50477056082013,0.011595072247036846,0.004235935302904486,0.19908000257475048,Red,4.851587607718213,26.442350385593667
97,97.50093802886084,1.3328874585027481,4.765266653229222,8.673371920566375,97.01933442,1016.5884400000002,97.50470602814758,0.0012177162127256602,-0.00013660849874537457,-0.0007258613137980304,97.50470602814758,0.011383115957748597,0.004244505720311908,0.19912908144414798,Red,4.77989440919448,27.289904631549184
98,98.50070281772845,1.528543558608207,4.717914041247127,8.669001295999525,98.01990942,1016.5884400000002,98.50447081654335,0.0008208950056762789,-0.0001276182595039372,-0.0007259790803135729,98.50447081654335,0.011185897782813266,0.0045164721705694705,0.19915122104796348,Red,4.730810293768476,27.862080512304928
99,99.50045266169064,1.6457665574531755,4.676899573541966,8.6555621441342,99.02048542,1016.5884400000002,99.5042206601336,0.0003838427488718266,-0.00016724919968956218,-0.0007259313905195732,99.5042206601336,0.010943489264489174,0.005104917802312535,0.19909362970573494,Red,4.722322701319536,28.276971754902394
100,100.50025892834509,1.7204368918865067,4.655987297485208,8.634721813683559,100.0210614,1016.5884400000002,100.5040269268232,9.440224981325132e-06,-0.000248584821740277,-0.0007255269647350375,100.5040269268232,0.010789345534703785,0.005775996670935233,0.1988805359292739,Red,4.772081690479029,28.775989600739642
101,101.50006666491218,1.791170601636755,4.674226524684457,8.60531531643472,101.0216344,1016.5884400000002,101.50383466409806,-0.0002833203518930721,-0.0003498808754176209,-0.0007245298798586239,101.50383466409806,0.01091337926433123,0.006173659928194307,0.19843002716261335,Red,4.882304909502989,29.517355953990304
102,102.49982032455345,1.8561104144481444,4.740161828469644,8.56865734746149,102.0222114,1016.5884400000002,102.50358832518455,-0.0005056914972615293,-0.00044594484479218536,-0.0007227516997931077,102.50358832518455,0.011308441163996381,0.006027279315704877,0.19769885511661983,Red,5.030320915681717,30.467326511521975
103,103.49958951863098,1.8819791954727545,4.841563734412652,8.531623425064682,103.0227874,1016.5884400000002,103.5033575213188,-0.0006847163425608121,-0.000500428054816242,-0.0007202439422127115,103.5033575213188,0.011798006565659018,0.005328091026070546,0.19677607999912203,Red,5.180076159883356,31.471249106645015
104,104.49952724765384,1.8426963526729396,4.951148038723917,8.502436704034423,104.0233644,1016.5884400000002,104.50329525265187,-0.0008470727003404343,-0.0004721441981825054,-0.0007176071429311169,104.50329525265187,0.012241937498830624,0.004366545657912444,0.19593557132018735,Red,5.299409847121798,32.37753428104364
105,105.4997074842777,1.730690145753435,5.043410492786905,8.488752255567583,105.0239464,1016.5884400000002,105.50347549098498,-0.000959699890644247,-0.00036925875104974737,-0.0007163801780517506,105.50347549098498,0.012583389535358171,0.003488732069391881,0.19549616903577852,Red,5.370009215032787,33.10128040340767
106,106.50005118740334,1.5538283167455054,5.106781828858489,8.496136631508426,106.0245204,1016.5884400000002,106.50381919393284,-0.0009069319354526725,-0.0002777245778773008,-0.0007193695996372041,106.50381919393284,0.012806209745942109,0.0028574414581014843,0.19560789075880877,Red,5.390295355909883,33.61911360116317
107,107.50038965453257,1.3454714858457304,5.13920160571963,8.522460740511598,107.0250944,1016.5884400000002,107.50415765828193,-0.0005911772512918173,-0.00028390616292829347,-0.0007306185407339732,107.50415765828193,0.01293389407042748,0.0024932162131607845,0.19614342232465531,Red,5.369869636050418,33.8791711909808
108,108.5005626398127,1.1615243633573968,5.137616882120986,8.558172036960796,108.0256774,1016.5884400000002,108.50433063892307,-3.2875508420566525e-05,-0.0003910536614700872,-0.000754522956463454,108.50433063892307,0.013017255989875043,0.0023953922832568864,0.1967510490509946,Red,5.318560460801746,33.730141950893874
109,109.50051677303195,1.0414988505685523,5.096786265872672,8.593039541064305,109.0262464,1016.5884400000002,109.50428476747794,0.0006576616101586778,-0.000529757704517482,-0.000793460068970446,109.50428476747794,0.013107426743352534,0.002561177405455771,0.1971183527016675,Red,5.240069889166251,33.06137603436457
110,110.50036842196653,0.9724471656489976,5.018469316899061,8.6207442765805,110.0268234,1016.5884400000002,110.50413641363345,0.0013145804596377735,-0.0006138833630176931,-0.000843362855825645,110.50413641363345,0.013236644409664166,0.002956387442559428,0.19723370014393163,Red,5.13639672230899,31.98870837192262
111,111.50032410612368,0.9059318849341935,4.917037618781839,8.639446260797648,111.0274004,1016.5884400000002,111.50409209770572,0.0017322138569103003,-0.0006022857684575123,-0.0008872115759065797,111.50409209770572,0.013399508193061195,0.00349610130663043,0.1973482924183928,Red,5.015136817520967,30.77214147581567
112,112.50050030649287,0.808686570688947,4.8113555503266365,8.648604909099904,112.0279774,1016.5884400000002,112.50426829985254,0.0018129606839224085,-0.0005293608954810948,-0.0008877335408297356,112.50426829985254,0.013530665306407728,0.004007723462195442,0.19766997493284044,Red,4.88910914407336,29.618847316614566
113,113.5008437739169,0.6877978917373473,4.716013785437504,8.647773228735375,113.0288174,1016.5884400000002,113.50461176949042,0.0016659705836197301,-0.00046229855693184996,-0.0008019922973141223,113.50461176949042,0.013513735705208101,0.0042458612369529235,0.19814890243523184,Red,4.77298705144919,28.63969350781871
114,114.50119437965684,0.5726637132774164,4.643141205205301,8.640791203047486,114.0291324,1016.5884400000002,114.50496237710799,0.0014195444612715362,-0.0004453798576864591,-0.0006421890264741836,114.50496237710799,0.01326409869161313,0.004082988378826991,0.19860099800104752,Red,4.68275724479805,27.89849065854658
115,115.50138354945011,0.4879728435385606,4.604882786409388,8.635219741128205,115.0297074,1016.5884400000002,115.50515154848053,0.001040832081136971,-0.0004870201414404377,-0.0005023828484183628,115.50515154848053,0.012803110978601344,0.0036515290425818943,0.19890341486874397,Red,4.633565239741781,27.435048959375457
116,116.50133232154509,0.4457533170420645,4.606282352167645,8.635158629645453,116.0302844,1016.5884400000002,116.50510032232563,0.00045968970610384954,-0.0005620107608863045,-0.00046411775825001806,116.50510032232563,0.012236480184603146,0.003188067859053048,0.19901353425621085,Red,4.631296008094845,27.238653191065737
117,117.50111464171421,0.44818562043600924,4.63759474458312,8.639102927006164,117.0308584,1016.5884400000002,117.50488264486268,-0.00023505888042362532,-0.0006063981738392543,-0.0005059875991171852,117.50488264486268,0.01173058965628277,0.002829325238187396,0.198919388065539,Red,4.665434608505666,27.229842673417256
118,118.50088336078066,0.4862926257249653,4.6786597915092125,8.646147744826159,118.0314344,1016.5884400000002,118.50465136690248,-0.0008278802009492904,-0.0005459752207668824,-0.0005440304335902681,118.50465136690248,0.011492368578371699,0.0025954203210276374,0.19862129313735175,Red,4.713326146377794,27.321601357565996
119,119.50070783058136,0.5378079188974694,4.711432162040744,8.659974451730882,119.0320174,1016.5884400000002,119.50447583948281,-0.0011601197641878148,-0.0004032286588268553,-0.0005079389661841363,119.50447583948281,0.011619747156781551,0.0024513661869399574,0.19814842732873453,Red,4.752794446654329,27.490090057818804
120,120.50053220058997,0.5787214072475764,4.7310571773180845,8.682681547188812,120.0325904,1016.5884400000002,120.50430021068911,-0.0011923307609956416,-0.00032980999263734534,-0.00036594793543446197,120.50430021068911,0.011988022367128235,0.0023679275724878845,0.19760882982205752,Red,4.775622201438159,27.750497217733578
121,121.50030130141948,0.6007390143351907,4.746775885919303,8.707639699473948,121.0331634,1016.5884400000002,121.50406931038796,-0.0009329667094816143,-0.00043013779186626893,-0.00013400048413663262,121.50406931038796,0.012385401738314216,0.002399165025917544,0.19717205588010792,Red,4.790985361330262,28.09596424265849
122,122.50008650985419,0.6117226924911193,4.769979490515241,8.723422373316032,122.0337364,1016.5884400000002,122.50385451614993,-0.00048191652110962413,-0.0006472721814228454,0.00010061560592112687,122.50385451614993,0.012687247439682555,0.002727462923006824,0.19687574662075386,Red,4.81256141439453,28.492285828710294
123,123.50004377985891,0.6236722170506369,4.802482772006249,8.72429874996482,123.0343144,1016.5884400000002,123.50381178335262,-8.648051852021433e-05,-0.0008689331657575689,0.0001961497620177585,123.50381178335262,0.01287048972681485,0.0036150157122289916,0.1965361362147942,Red,4.844366335987205,28.892520115628418
124,124.50025035495587,0.6432525722377593,4.8364440201487,8.714308376727281,124.0349364,1016.5884400000002,124.50401835635026,7.772864903116406e-05,-0.0009861253552206925,7.778616919145633e-05,124.50401835635026,0.012962426504395082,0.005274094329663834,0.1960566184230409,Red,4.879509918881556,29.237448804631057
125,125.50062899594863,0.6679929264357695,4.861674337677344,8.702341364333785,125.0354704,1016.5884400000002,125.50439699610018,0.00010611980183048155,-0.0008644467706750182,-0.00017459010732091037,125.50439699610018,0.01300599876027261,0.007661501219659824,0.19570045823518223,Red,4.907334620771047,29.4709221097106
126,126.50100836470006,0.6900958734759622,4.872328359633604,8.69541789796097,126.0360404,1016.5884400000002,126.50477636429765,0.00020775321628825415,-0.00044342244497212047,-0.0004192447579932594,126.50477636429765,0.013039789582748955,0.010312150714796617,0.1958032623117022,Red,4.920755533879194,29.56860592301421
127,127.50121696008165,0.7036983672704307,4.869558630472352,8.695260407166591,127.0366204,1016.5884400000002,127.50498495955915,0.0004942268424820854,0.00012561283194802495,-0.0005751904783440921,127.50498495955915,0.013086937236776813,0.012500342699756428,0.1962942711842356,Red,4.91992623017428,29.552533546995452
128,128.5011770667617,0.7072599032732305,4.859538568507728,8.69932420376975,128.0371964,1016.5884400000002,128.5049450663306,0.000953276207498335,0.0005664694079843374,-0.000632418434710114,128.5049450663306,0.013147135291792775,0.013675158732991063,0.19671268414817053,Red,4.910616112596184,29.4758239846497
129,129.50096524206154,0.7021611215383142,4.84851038528974,8.704470270911155,129.0377734,1016.5884400000002,129.50473324178452,0.001456209938894185,0.0007093243491669654,-0.000620215122020904,129.50473324178452,0.013188344485123366,0.013688947811785203,0.1966338574713276,Red,4.899116618516013,29.387539318727796
130,130.50073681877885,0.6925161668138159,4.839124409434797,8.709269974663068,130.0383504,1016.5884400000002,130.50450481864013,0.001794446770875845,0.0005734378237816813,-0.0005770114218312172,130.50450481864013,0.013152952009729085,0.012670564481845567,0.19601135625538096,Red,4.888588371407234,29.310464814422687
131,131.5005629582313,0.6845948641806736,4.831033903980039,8.713563230162105,131.0389294,1016.5884400000002,131.5043309581871,0.0018506124901858795,0.00029195520697889934,-0.0005144510593430256,131.5043309581871,0.012997436446382134,0.010968889541764096,0.19524936979368193,Red,4.879553481090689,29.24742730331773
132,132.50038891064062,0.6830951315275166,4.824530150673753,8.71683411136825,132.0395014,1016.5884400000002,132.5041569106473,0.0017617790422137485,2.0991338649288553e-05,-0.00042912697159609725,132.5041569106473,0.012717524720653349,0.009279835753829834,0.19489861939649347,Red,4.872949910635785,29.203079818825966
133,133.50016001344233,0.6876530773141302,4.823616624979939,8.716958192602213,133.0400814,1016.5884400000002,133.50392801346823,0.0017698110982957136,-0.0001300223036631254,-0.00035787138049137024,133.50392801346823,0.012309621592464532,0.00841241101312209,0.1951337746652665,Red,4.872675518291889,29.20129324018646
134,134.49994765724867,0.6944381573994616,4.834462591093654,8.710881812147028,134.0406584,1016.5884400000002,134.5037156572755,0.0018946126376490602,-0.0001230435170852306,-0.00036681156366531634,134.5037156572755,0.01175299200130391,0.008642458884140938,0.19557091171328253,Red,4.884283846825567,29.277234571225307
135,135.4999074658643,0.7018992673190022,4.859777841319156,8.696929166783725,135.0412344,1016.5884400000002,135.5036754658843,0.0019718908393296258,-2.033318929976201e-05,-0.0004535218597944302,135.5036754658843,0.011095227014096043,0.00939243396323805,0.19559887574850882,Red,4.910234689979597,29.4472337820172
136,136.50011626484056,0.7139464435696579,4.8952656492816535,8.676489955521703,136.0421784,1016.5884400000002,136.50388426485233,0.0019477226708471604,-2.160018358383775e-05,-0.0005086789184138399,136.50388426485233,0.010516425056960753,0.009667684645988018,0.19486390513014168,Red,4.946853215904419,29.688740529699942
137,137.5004965338069,0.7360451215341316,4.931838044172199,8.653830986524705,137.0423864,1016.5884400000002,137.5042645338121,0.0019128693155222509,-0.00031888394641810583,-0.0004205536225641462,137.5042645338121,0.010237346760255941,0.008888492512943356,0.19352162971586417,Red,4.985997831027097,29.949048322363637
138,138.50087687470014,0.7688014223768369,4.961403001367845,8.633775972088964,138.0429624,1016.5884400000002,138.5046448747012,0.0019463485494312512,-0.0008499423730815569,-0.00017074373073787722,138.5046448747012,0.010387676043663576,0.007340576006464145,0.1921146661739701,Red,5.019901439312325,30.175880182702375
139,139.50108593862365,0.8068607040301837,4.980799887948459,8.619086589630333,139.0435354,1016.5884400000002,139.50485393862277,0.0020162574420278466,-0.001319509513218627,0.0001755216152278357,139.50485393862277,0.01094686662648742,0.005834469676780114,0.19125970223815425,Red,5.0449379922495385,30.343444227457063
140,140.50104632020637,0.8432958687231066,4.990793656618251,8.60995120027952,140.0441144,1016.5884400000002,140.50481432020499,0.001990535849977956,-0.001467527847741536,0.00047447784559320847,140.50481432020499,0.011732620736187607,0.005024196091294841,0.19139602654958765,Red,5.061298815589037,30.452116446488308
141,141.50083495645654,0.8730003200094192,4.993445755944612,8.604785474858348,141.0446894,1016.5884400000002,141.5046029564554,0.0017638469540524901,-0.001259626479940456,0.0005320925757306447,141.5046029564554,0.012471500046137599,0.005049450277683724,0.19260707599496463,Red,5.070862623834018,30.515386987813667
142,142.50060752186786,0.8920832530308203,4.991307195072934,8.601052849451872,142.0452694,1016.5884400000002,142.50437552186716,0.0013414823904491094,-0.0008733353654370277,0.0002677886519184547,142.50437552186716,0.012956910914593393,0.005536008412726768,0.1945167468050357,Red,5.076114606013856,30.55195430626379
143,143.5004353842667,0.8964661370515289,4.987610795335528,8.596086113325217,143.0458414,1016.5884400000002,143.50420338426642,0.0008193237992875252,-0.000527527314339679,-0.0001847551827349049,143.50420338426642,0.013159441733914923,0.005815227405493756,0.19647552900723153,Red,5.079696613065919,30.581035531087526
144,144.5002638242093,0.8832598950649765,4.986163299886293,8.587858849903137,144.0464194,1016.5884400000002,144.50403182420925,0.0003417085302456601,-0.00031901422454245836,-0.0006257237851786178,144.50403182420925,0.013176342809504544,0.005451964829009265,0.1979788489526248,Red,5.083822490999533,30.617437204120773
145,145.50003806174783,0.8598896730874586,4.988994207808777,8.576508388784394,145.0469954,1016.5884400000002,145.5038060617477,1.7103948990191512e-05,-0.00022712210952776786,-0.0009491330053471407,145.5038060617477,0.013112825386496418,0.0046020448022351685,0.19887100883601952,Red,5.088746479223339,30.660295608348136
146,146.49982928765752,0.8588513599282801,4.992494519055328,8.56553446006808,146.0475794,1016.5884400000002,146.503597287657,-0.0001326015462499183,-0.0002019962319277577,-0.0011183515962466075,146.503597287657,0.013034292869695954,0.003694245262464814,0.19922695804663704,Red,5.091093405577368,30.682890537831877
147,147.49979290931395,0.9283359712838308,4.991185929162844,8.559081319664678,147.0485534,1016.5884400000002,147.50356090931274,-0.00012742096121811842,-0.00020230312350318216,-0.0011040550633080854,147.50356090931274,0.012972324963250998,0.002989875377079833,0.19918833890947304,Red,5.0866109496611465,30.65676291583725
148,148.500005583367,1.0858808634488852,4.986744805400394,8.558342972300172,148.0487264,1016.5884400000002,148.5037735833649,1.3703777827962744e-05,-0.00019893062256202577,-0.0009150304445917666,148.5037735833649,0.012935743230522235,0.0025356669203851416,0.1988882196698592,Red,5.073801763027145,30.583480694693552
149,149.50038972936423,1.292792403131014,4.983902102471931,8.563574953495223,149.0493014,1016.5884400000002,149.5041577293614,0.00027365849321729733,-0.00017750092082586676,-0.0006455297281242851,149.5041577293614,0.012920762110346625,0.002283878998954413,0.19844617128937717,Red,5.050274218165493,30.473436299766952
150,150.5007739787351,1.4854709170543392,4.981307390215508,8.575047136188704,150.0498804,1016.5884400000002,150.50454197873236,0.0006137765682901148,-0.00014023321718775793,-0.00043105245228783427,150.50454197873236,0.012917774443797799,0.0021766140549667606,0.19803673487129503,Red,5.015677313067269,30.3573499960674
151,151.50098697976125,1.6126818789734023,4.9787394117819295,8.587740301747552,151.0504574,1016.5884400000002,151.50475497976052,0.0009314019454388483,-0.0001095274562964677,-0.0003446079594401394,151.50475497976052,0.01291484078691009,0.0021953297697732102,0.19790441950440357,Red,4.9876536677922605,30.373878978270497
152,152.50095121496247,1.6493091125772625,4.986367384697109,8.59295611401054,152.0510304,1016.5884400000002,152.50471921496714,0.001066953006581556,-0.0001222084226199919,-0.00035802723819893667,152.50471921496714,0.012899269173341023,0.0023813918605285313,0.1981322349930993,Red,4.997716547582902,30.718039374612093
153,153.5007434729997,1.6049365430022835,5.017531074206881,8.587225602680894,153.0516084,1016.5884400000002,153.50451147301436,0.000935965387680484,-0.00020063388902771925,-0.000406965353498227,153.50451147301436,0.012859251710666602,0.002829125582315233,0.1984834208135258,Red,5.061055656676161,31.40734024720688
154,154.50051939500318,1.5190483726246289,5.073806203932062,8.572891191437508,154.0521854,1016.5884400000003,154.50428739503252,0.0006286260811840205,-0.00033058804069724287,-0.0004651179082020389,154.50428739503252,0.01278765210030166,0.003644683237280826,0.19864187165130226,Red,5.16174683437676,32.19447156259325
155,155.5003504920783,1.4349865968208755,5.138482683266895,8.553441786602509,155.0527634,1016.5884400000004,155.50411849212395,0.0003089298723537756,-0.0004778345182515899,-0.0005516989704519252,155.50411849212395,0.012689692579085957,0.004857719242058399,0.19844310364999343,Red,5.266271353664739,32.77856063006683
156,156.50018226595344,1.3791130972368646,5.185894875994046,8.532684504035378,156.0533354,1016.5884400000006,156.5039502660088,8.043326777472585e-05,-0.0006048923309390347,-0.0006899494832915267,156.5039502660088,0.012595121019475323,0.006274939965661271,0.19785712261078886,Red,5.343061661416115,33.02501539772258
157,157.49996011174994,1.3604089209391481,5.197217649026205,8.514213623761453,157.0539124,1016.5884400000008,157.50372811179267,-2.4490474702368323e-05,-0.000663757490827647,-0.0008701238799182036,157.50372811179267,0.012554345558678688,0.007467713842705537,0.19698295550212316,Red,5.374922093824818,32.95722889697959
158,158.49975532005806,1.3742327823284137,5.170929933718977,8.500402535444811,158.0544904,1016.5884400000012,158.50352332004238,-7.207466952660779e-06,-0.0006012484273896404,-0.0010456611769386508,158.50352332004238,0.01259511245994269,0.008113425604269451,0.19611382729517024,Red,5.363744721017267,32.66886032699961
159,159.49972334670636,1.4024295623219567,5.123580638769125,8.492514717139592,159.0550704,1016.5884400000017,159.50349134655937,0.00011580206793980638,-0.0003718025464274482,-0.0011532567778493263,159.50349134655937,0.012690213333132649,0.008240717528075618,0.1956603878108695,Red,5.3269819470239215,32.29275316015894
160,160.49994082659938,1.4198348777846117,5.078750177499181,8.48986207063984,160.0556454,1016.5884400000018,160.50370882623037,0.0003201701680147822,6.877829569130106e-05,-0.0011519365256381,160.50370882623037,0.012789731992966168,0.007985117406081028,0.19581562047018017,Red,5.2860256626820465,31.957557844812676
161,161.50033003759359,1.4057628422726856,5.053323269766489,8.490126557268395,161.0562214,1016.5884400000012,161.50409803692781,0.0005805591187445443,0.0007509093056261276,-0.0010517174546144385,161.50409803692781,0.012864229864408584,0.007461878800105051,0.19631424327192323,Red,5.254935592413687,31.732334583031452
162,162.50071941547134,1.3540524213778053,5.049676833417531,8.492845381910769,162.0567944,1016.5884399999991,162.50448741452183,0.000854495000410872,0.0016214863344970944,-0.0008994196682088421,162.50448741452183,0.012908309102804787,0.007066703957724627,0.1966646753886822,Red,5.235727963369193,31.60673076290402
163,163.50093751673353,1.2775308001663452,5.054777952910756,8.50127205929821,163.0573684,1016.5884399999944,163.5047055156623,0.0010225474075805257,0.002483301629665443,-0.0007528525260138263,163.5047055156623,0.012927949829657696,0.007501651539295583,0.1965701291470431,Red,5.219374017401341,31.504901075483392
164,164.50090687474724,1.1983554410694763,5.050545902174137,8.519004088418962,164.0579474,1016.5884399999871,164.50467487379777,0.0008879927503192803,0.0030746883971446756,-0.0006444678489228602,164.50467487379777,0.012932208793339488,0.009200389244884326,0.19610710719434657,Red,5.194010064280149,31.341859098963916
165,165.50070435830608,1.1317913670645687,5.0279127505239956,8.545864778497602,165.0585214,1016.5884399999779,165.50447235764028,0.00034742552866930424,0.0032598070162067985,-0.0005403824321974786,165.50447235764028,0.012928956804922129,0.011824665444518661,0.19559784095213262,Red,5.154725722486416,31.084563909894122
166,166.5004855843348,1.0817319546602049,4.989720870664762,8.577936194174947,166.0590954,1016.5884399999703,166.50425358396578,-0.00044857691603936937,0.003098862317556427,-0.0003865046752733732,166.50425358396578,0.012923433544805765,0.014442089998297304,0.19534282663736438,Red,5.105248431949727,30.758416681315992
167,167.50032191135713,1.0453716931592074,4.945771337395757,8.60939231133979,167.0596784,1016.5884399999716,167.5040899112102,-0.0011644202527821316,0.0026887170283190834,-0.00019365670935439467,167.5040899112102,0.012918359051033352,0.016119888788958415,0.19550519610962108,Red,5.054378668798531,30.42199922133856
168,168.5001586625962,1.015812351178011,4.9087685232266045,8.63384893089552,168.0602534,1016.5884399999934,168.50392666258057,-0.0014970371883780659,0.002021317100547684,-3.654976928875467e-05,168.50392666258057,0.01291466796597576,0.01631577352327283,0.19613450819683662,Red,5.012861306115793,30.14576652089211
169,169.49994115392107,0.9829307850275169,4.890030074150189,8.646692932011405,169.0611524,1016.5884400000509,169.5037091539638,-0.0013850794534985597,0.0010981089911584038,-1.1313263472209244e-05,169.5037091539638,0.012912322076639346,0.014937877006121415,0.1970949478287365,Red,4.989441835615051,29.98470146511738
170,170.4997407835777,0.9358231172286939,4.893645021216341,8.648069298548553,170.0614054,1016.5884400001572,170.503508783633,-0.0010355091504904417,6.311848503680857e-05,-0.00018107897567456972,170.503508783633,0.012910964659631286,0.012343129607521226,0.19806755960358968,Red,4.985536914604626,29.94334711996444
171,171.49971328570354,0.8699718869680203,4.911423353919306,8.644315704336968,171.0619824,1016.5884400003122,171.5034812857492,-0.0007163501218490334,-0.0008739371800508243,-0.0005299886442221196,171.5034812857492,0.012910365668673589,0.009287622681435284,0.19876104201741648,Red,4.991521562314241,29.954781360711802
172,172.49993560028778,0.7964516863474312,4.925608016721586,8.644521462352694,172.0625584,1016.5884400004836,172.5037036003172,-0.0005756765983929531,-0.001548474679259638,-0.0009905706337722956,172.5037036003172,0.01291068142033168,0.006600103237600722,0.1990728612299169,Red,4.991308835352904,29.916489217413847
173,173.50033019250537,0.7371484901300025,4.925351218858331,8.651185211260055,173.0631364,1016.5884400005831,173.5040981925202,-0.000625570619415329,-0.001884831017749449,-0.0014620354574332083,173.5040981925202,0.012912546450252459,0.004747638422249134,0.19907129891483308,Red,4.978363779990729,29.801580836740516
174,174.50072549519896,0.7052308524501871,4.920745440502049,8.654740228770487,174.0637114,1016.5884400004433,174.50449349520377,-0.0007684377415288471,-0.001897243346697931,-0.001791122894902076,174.50449349520377,0.012916961871189854,0.003708984485617804,0.19890165172965618,Red,4.9665953338963895,29.733989663842344
175,175.50094988966296,0.694627651078913,4.932681586015136,8.64157068998208,175.0642854,1016.588439999815,175.5047178896624,-0.0008413027222942987,-0.00165309972458472,-0.001848291010941115,175.5047178896624,0.012924878168269885,0.003173473845628561,0.19871007543678057,Red,4.978520563145888,29.909815209440787
176,176.50092568301102,0.6869175256587197,4.969378981295362,8.607903451793495,176.0648614,1016.5884399984144,176.50469368300838,-0.0007384517329431435,-0.0012650924413629405,-0.0016519847735918703,176.50469368300838,0.012936332661034944,0.002849741470436659,0.1985904635744899,Red,5.022884066458495,30.442095439456452
177,177.50072958721051,0.6631037465142908,5.018074018023937,8.564602998827311,177.0654404,1016.5884399960579,177.50449758720768,-0.0004968818912860685,-0.0008724308215801382,-0.0013467605747823864,177.50449758720768,0.012949050061126687,0.002635352105972391,0.19854975872586536,Red,5.087525678571106,31.292539773426498
178,178.5005171592659,0.6154510452418311,5.0588352371219205,8.52863218106187,178.0660174,1016.5884399929259,178.50428515926365,-0.0002221997710972336,-0.0005646239677341546,-0.0010658547622888885,178.50428515926365,0.01295662294953866,0.002525360231979629,0.19853643977835575,Red,5.1531695968706845,32.321957987449366
179,179.50035976579875,0.5539129203112331,5.081058261885727,8.510541911053917,179.0665934,1016.5884399899626,179.5041277657971,1.1554294761006108e-05,-0.00034355969625719617,-0.0008576027684589043,179.5041277657971,0.012946833902186605,0.002495127488704421,0.1985164423534425,Red,5.209019952610047,33.33206844009923
180,180.50020279321654,0.48823841634567783,5.0896877624169035,8.508268475048313,180.0671694,1016.588439989345,180.5039707932153,0.00016448027375777328,-0.0001539861515271464,-0.0007039068446644398,180.5039707932153,0.012901397261614319,0.0025067704477428365,0.19852426735545162,Red,5.2557459711728,34.066872025876066
181,181.4999916433625,0.40678996283431473,5.10141980956903,8.510682432459197,181.0677474,1016.588439994814,181.5037596433614,0.00020882553894257595,6.095097960717716e-05,-0.0005585601550716228,181.5037596433614,0.012799298042173057,0.0025335559012469888,0.19863985207266663,Red,5.296514100027284,34.30995402981504
182,182.4997977004273,0.29844870566549625,5.128909847738308,8.50851811125821,182.0683294,1016.5884400114527,182.50356570042626,0.0001516049421619344,0.00028622944910116586,-0.00037842785110226394,182.50356570042626,0.012626658472352753,0.002560204851176357,0.19887798580117289,Red,5.324853644878677,34.0348791751792
183,183.49977651029727,0.18833233740622587,5.165420032102929,8.502348620836242,183.0689014,1016.5884400442735,183.50354451029676,5.759028329868488e-05,0.000416146259008228,-0.00015288474559744568,183.50354451029676,0.012395968412974542,0.002579515848351988,0.19912545765471223,Red,5.327915469721591,33.403602773419
184,184.50000478811899,0.12650050186096065,5.188569605674158,8.500090839122317,184.0694794,1016.5884400948429,184.50377278812005,2.2261290887834242e-05,0.0003706600478964119,6.347884618209128e-05,184.50377278812005,0.012175431414654648,0.0025883001106329923,0.19925796647682958,Red,5.300136906426509,32.60863843425733
185,185.50040494565275,0.1428834323284564,5.177972967166963,8.509189928869858,185.0700544,1016.5884401553536,185.50417294565707,0.0001167029662474905,0.00019683346349422514,0.0001626958396739115,185.50417294565707,0.012080792676252585,0.0025842569478540757,0.19926347307549666,Red,5.244496481370251,31.745763379158436
186,186.50080558157504,0.2231345100084516,5.1285689241206835,8.530491013145117,186.0706304,1016.5884402003949,186.50457358158465,0.00034560315675060245,2.1170531817630436e-06,9.519207502785168e-05,186.50457358158465,0.012175497690446072,0.0025646274121259847,0.19920006282950414,Red,5.167703552590701,30.832245472679034
187,187.50103535212685,0.32025519070298486,5.053006921009292,8.556875102793732,187.0712044,1016.5884401785212,187.50480335214303,0.0006642697731524302,-0.00014786716259787043,-4.9735307363094724e-05,187.50480335214303,0.012396102018335891,0.002527150656823144,0.1991090309532623,Red,5.0815753262302925,29.908816728956975
188,188.50101681020752,0.38052659812464323,4.97374353435921,8.578817573968038,188.0717844,1016.5884400088457,188.50478481022915,0.0010186488139534737,-0.00024190404003287153,-0.00013349217647101738,188.50478481022915,0.012626849733239695,0.002473725250151948,0.19899548380283058,Red,5.001014895808657,29.099885162939618
189,189.5008267853293,0.3715335773097412,4.907650233953135,8.592525415457626,189.0723594,1016.5884395920301,189.50459478535018,0.0012980182459384902,-0.00029772244064717716,-9.52566518410806e-05,189.50459478535018,0.012799503846593301,0.0024168513133869295,0.19884394335074504,Red,4.934238549216222,28.55795588629679
190,190.5006208037725,0.3035379860580683,4.859653321302071,8.601427851970039,190.0729334,1016.5884388489696,190.50438880377789,0.001317610721071601,-0.0003438471244012933,1.0626634632177311e-05,190.50438880377789,0.012901511129760306,0.002387950563033783,0.19863973772333215,Red,4.881711610012676,28.340567970878773
191,191.5004701085284,0.22299043443974892,4.832773753611051,8.610691531934487,191.0735084,1016.5884378012798,191.50423810849267,0.0010202228397632278,-0.00040723900888731953,5.475952657527298e-05,191.50423810849267,0.01294665907951662,0.002444626004240727,0.19839702130794007,Red,4.847724635092082,28.390485879838987
192,192.50031992283908,0.17714290909538274,4.832930560565515,8.622121153928292,192.0745644,1016.5884367004393,192.50408792272722,0.0006489306093367337,-0.0005027829560471684,-4.838065135376887e-05,192.50408792272722,0.012955869674741034,0.0026706794345536544,0.19819354115145224,Red,4.841781689103081,28.630258135301002
193,193.5001154791449,0.18571133017280225,4.8588183911023055,8.633466051709147,193.0746614,1016.5884361903892,193.50388347892175,0.0005785315147786822,-0.0006207951347944062,-0.0002565547028989987,193.50388347892175,0.012947391950341084,0.003158726106576596,0.19815566030678572,Red,4.8650400724499665,28.989129913137226
194,194.4999280507016,0.24349089284072567,4.896510840738642,8.641536576453031,194.0752394,1016.5884374448983,194.50369605035473,0.0010059439301378348,-0.0007110264297697579,-0.00046942434990471764,194.50369605035473,0.012933568339773643,0.00396215998811051,0.19833031976233784,Red,4.904529796167214,29.372573364534045
195,195.4999132034514,0.3374183699295356,4.928357668361862,8.645156409596428,195.0758174,1016.5884421540119,195.50368120303153,0.0018027970585208209,-0.0006827714068405195,-0.000626878247789568,195.50368120303153,0.012921241460425201,0.005004371409070978,0.19858572542778527,Red,4.942872595797479,29.69631047661255
196,196.5001477824338,0.453827106163115,4.9459871109587255,8.643566017755658,196.0763904,1016.588452153769,196.50391578211153,0.002599034950090006,-0.00048422222000587623,-0.0007188542869661764,196.50391578211153,0.01291358870726008,0.005959152945279147,0.19869402082271828,Red,4.971482850871109,29.952354448619513
197,197.50055432182938,0.5721616273614274,4.957900943943536,8.632958969503271,197.0769684,1016.5884684337782,197.50432232195413,0.003032654252847219,-0.0002110392263557812,-0.0007584576600575664,197.50432232195413,0.012912016083674737,0.006320572488489099,0.19845911724991924,Red,4.997482457821404,30.233591005020113
198,198.5009614623184,0.6640614132806162,4.981798343539142,8.609473092346626,198.0775494,1016.5884892863528,198.50472946344448,0.002946331255961917,-3.34902152128176e-05,-0.0007645839379221477,198.50472946344448,0.012917383888855426,0.0058465159219835,0.19776581311984504,Red,5.036261738365696,30.664872904655688
199,199.50119784955334,0.7089191410902153,5.023655646004845,8.576347433982022,199.0781204,1016.5885075858873,199.50496585236914,0.002428758310806441,-9.849597589464699e-06,-0.00075326820132213,199.50496585236914,0.012930208209289858,0.004843350131074871,0.1966313812494102,Red,5.092987076233861,31.266062654801235
200,200.5011860268265,0.7019927985152534,5.071848743047025,8.541635240523602,200.0786964,1016.5885077395601,200.50495403189518,0.00174006649525499,-7.739564929808862e-05,-0.0007351905777336685,200.50495403189518,0.012949668720510479,0.0038187229071794445,0.19532631973697628,Red,5.157672396641263,31.904080998182092
201,201.5010028399318,0.6429679766133023,5.116708951361219,8.510094661520547,201.0792754,1016.5884638349588,201.5047708471449,0.0011303706263759991,-0.00016636681010075589,-0.0007167301361106249,201.5047708471449,0.012971419274014727,0.0030617494860221495,0.19442066969098584,Red,5.21966045337816,32.399085347945096
202,202.50080382054426,0.5318626637438226,5.164354326957991,8.483833673591988,202.0798504,1016.588341897989,202.5045718286563,0.0007106054965472933,-0.00024155131226391555,-0.0007025906128102608,202.5045718286563,0.012984539012273887,0.0026193508897506697,0.19445191116667618,Red,5.276042532411109,32.67111208428728
203,203.50066015947218,0.38380049591342197,5.225496142442727,8.465686581616923,203.0804294,1016.5881106319808,203.50442816661388,0.00045264796973697294,-0.0002897009005837807,-0.0006986413872619112,203.50442816661388,0.012968659373915413,0.00242561934451241,0.19541059943142888,Red,5.327755566411359,32.789416594137414
204,204.5005170096986,0.23645372695206726,5.2989159626038616,8.4576049031746,204.0810064,1016.5877656828117,204.50428501462412,0.0002667390372371355,-0.00030743923677509075,-0.0007138936134784661,204.50428501462412,0.012893446384096466,0.0023856534408719593,0.19675090120388616,Red,5.375762228515101,32.87627682516091
205,205.50031955358097,0.12594157080416782,5.370837922011071,8.459148667719537,205.0815824,1016.5873708099056,205.50408755619372,0.00012648196756192865,-0.00029306776844702665,-0.0007604020995765441,205.50408755619372,0.012724076167822293,0.0024180940483789167,0.19790394758091442,Red,5.417906794165669,32.98294122029312
206,206.50013897998085,0.05939429891305403,5.426381582233683,8.466920396677535,206.0821574,1016.5870727351223,206.50390698088123,9.192670942178947e-05,-0.00024358710354827233,-0.0008495123428067584,206.50390698088123,0.012437570671152485,0.0024693472891680526,0.19858840635247088,Red,5.448711248691798,33.079807372615036
207,207.50013072066358,0.025023270011514047,5.458861730716197,8.475487514418235,207.0827354,1016.5870022706894,207.50389872059046,0.0002286146982483878,-0.00015749611557133627,-0.0009826576278366837,207.50389872059046,0.012054694756948486,0.002512589196866127,0.19875423008481188,Red,5.464683753628807,33.12631527891675
208,208.50037157225188,0.014315427752048908,5.470351303791371,8.480631743047203,208.0833134,1016.5871311853093,208.50413957179205,0.0005621172934609429,-4.3650933920714184e-05,-0.001135516779939818,208.50413957179205,0.011688654428376187,0.002541744943001398,0.19846635538462112,Red,5.467118652519365,33.11163406734012
209,209.50078434687234,0.022308282904634553,5.466801204412983,8.481279974997918,209.0838854,1016.5872988933696,209.50455234637695,0.0010516739744936836,6.433263995406201e-05,-0.0012366767955792873,209.50455234637695,0.011531541305809688,0.0025663574122785065,0.19786973128277,Red,5.459756082163857,33.04808017835482
210,210.5011985631362,0.043573587457037204,5.452353948064367,8.47849892152214,210.0844644,1016.5873939342657,210.50496656275985,0.0015349687706936628,0.00011115550094730735,-0.0011791360619434368,210.50496656275985,0.011688654841133342,0.002606909800189778,0.19722730811558187,Red,5.444834852686855,32.94627890122039
211,211.50144456329133,0.07974115558817865,5.424810265245544,8.473859892291081,211.0850414,1016.5874376611371,211.50521256306567,0.0017496005436208589,6.623800732272101e-05,-0.0009083932376061354,211.50521256306567,0.012054729152491726,0.0026873724643007137,0.19688962311924033,Red,5.419484534015421,32.790073797924954
212,212.50144737837138,0.14497575865539608,5.376662550861474,8.471638626484317,212.0856154,1016.5874789792231,212.5052153782688,0.0015514777450308817,-4.154330624347301e-05,-0.000501730926701333,212.5052153782688,0.012437703156468437,0.002823977969729244,0.19703983969262828,Red,5.37696045296881,32.547720988022604
213,213.50128655301626,0.25868111914980957,5.301051017251975,8.480986306129711,213.0861944,1016.5875015907287,213.50505455299214,0.001076665734363679,-0.00015910841346353395,-0.0001332550264817779,213.50505455299214,0.012724389667624108,0.0030089458645458076,0.19751225115807733,Red,5.312089821939025,32.21139206454159
214,214.50111902101216,0.4300694238071113,5.198030876247533,8.509150498319336,214.0867654,1016.5874988756804,214.50488702102695,0.0005773356353867898,-0.00025558161027265875,3.497636143060828e-05,214.50488702102695,0.012894011962681714,0.003187076455682872,0.19800530034872232,Red,5.226336516920884,31.824609994236077
215,215.5010132465182,0.6409931682515028,5.081504641520669,8.551752041360881,215.0873434,1016.5875486943282,215.50478124654512,0.00020277562270522878,-0.0003243051356175239,-4.030303208116878e-05,215.50478124654512,0.012969474678425342,0.003263200901902462,0.19836220515805936,Red,5.1328573430685775,31.497988241431695
216,216.5009033057375,0.8392156124109269,4.978253458341778,8.594689246346679,216.0879194,1016.5877186967527,216.50467130576217,-1.9206861087742687e-05,-0.0003661642610880757,-0.0002644577348073713,216.50467130576217,0.012985428732358724,0.003184770091595323,0.19859249044906996,Red,5.054684622576798,31.360597195054893
217,217.5007103363922,0.9585898725681387,4.910376771907919,8.626991570373306,217.0884954,1016.5879657919752,217.50447833640928,-0.0001186782471053364,-0.000377306327060174,-0.0005028114191471634,217.50447833640928,0.012971906810540825,0.0030034712725549207,0.19875484110453462,Red,5.010347697964253,31.39743079590779
218,218.50046603443388,0.9545370925671757,4.880739745680077,8.647345386517287,218.0890714,1016.5881957446068,218.50423403444324,-0.00014177775596387138,-0.00034209802713549794,-0.0006666991504412522,218.50423403444324,0.012948861298301787,0.0028140941832218444,0.1988757384589824,Red,5.004133109447318,31.405810172168458
219,219.50027492722396,0.8243045598581356,4.879907985661456,8.658188540393903,219.0896544,1016.5883565746785,219.50404292722763,-0.00012910555299850847,-0.00023253892437817428,-0.0007132968322545467,219.50404292722763,0.012926789619928382,0.0026725343669450224,0.19895406680625838,Red,5.032832007590876,31.30817572559795
220,220.500168547482,0.6059551616240417,4.898348812265218,8.660339473656185,220.0902294,1016.588445475501,220.50393654748234,-0.00010806861402339488,-1.6940072294304997e-05,-0.0006204935965108269,220.50393654748234,0.012909872957075456,0.0025890593415386466,0.19899325161572728,Red,5.092260933373208,31.37319911178303
221,221.50006769365626,0.36183695102198965,4.9295481222977156,8.654025387622324,221.0908044,1016.5884806964971,221.5038356936551,-9.269884358794682e-05,0.0003179592838088276,-0.00038062342339765127,221.5038356936551,0.01289950019728612,0.00255236927174942,0.19900493041625072,Red,5.172108325752153,31.860520641357656
222,222.49990602502055,0.14842677770238755,4.970283773108749,8.641630628460728,222.0913784,1016.5884842550072,222.5036740250191,-8.61258750794853e-05,0.0007277984265575532,-1.7508315521468113e-05,222.5036740250191,0.012897128952682265,0.002545315418534669,0.19900101577687904,Red,5.251687728369728,32.60257622854024
223,223.49975164740962,-0.008465945333250225,5.019380774377402,8.628222150695343,223.0919544,1016.5884737830315,223.50351964740844,-8.301177034595144e-05,0.0011073514412634964,0.00037333786512332796,223.50351964740844,0.012905986408148717,0.00255288316568983,0.19899058510918477,Red,5.3080196070313,33.13931222306733
224,224.49976126802935,-0.11186047650087652,5.071942220167783,8.617723263656929,224.0925304,1016.5884603448087,224.5035292680286,-7.118096662445065e-05,0.0013832514371834223,0.0006334568687885182,224.5035292680286,0.012931202944050566,0.0025647600874152054,0.19897977060428887,Red,5.3261978220106645,33.14966409673339
225,225.50001446294772,-0.1702321894135574,5.117253711325845,8.608813028774922,225.0931094,1016.5884493080304,225.5037824629474,-3.324315982441754e-05,0.001557338051331028,0.000679584057863606,225.5037824629474,0.012977797590471392,0.0025749106400062513,0.1989730580797332,Red,5.305029985029913,32.672533537208764
226,226.50043675132204,-0.17926380390128083,5.1502315039862445,8.595169230575426,226.0936854,1016.5884422405277,226.50420475132202,4.978665170432788e-05,0.0016199816513371103,0.0005938459059157665,226.50420475132202,0.01304578814441941,0.002580013724973523,0.19897479870217397,Red,5.263415729000548,32.02312824080566
227,227.5008595901156,-0.12882764003249284,5.179673196416353,8.570313264908217,227.0942584,1016.5884387185097,227.5046275901157,0.00019012315891149399,0.0015623919058146978,0.00047965199955951957,227.5046275901157,0.013121971972909598,0.0025779653563944983,0.19899000914139175,Red,5.232920612723076,31.572807412417475
228,228.501114392574,-0.02065835302597871,5.213174725841674,8.53551142784179,228.0948374,1016.588437610388,228.50488239257413,0.00037749013866105163,0.001455332011436134,0.0003194290920261113,228.50488239257413,0.013169099149211213,0.0025671641933128087,0.19902362220633102,Red,5.231225177023116,31.544783410096187
229,229.50112664486267,0.1298651496344721,5.241044521456661,8.502234993950085,229.0954104,1016.5884377977213,229.50489464486276,0.0005552762968429732,0.001348021210798079,6.642874210928854e-05,229.50489464486276,0.013115721129647106,0.002547014008232334,0.19907736928270411,Red,5.248258216439999,31.954394478809558
230,230.50097601377655,0.3076308122112578,5.2429222713249946,8.4843689481912,230.0959894,1016.5884384692741,230.50474401377662,0.0006275156556584447,0.0011663152425353878,-0.0002332369649315323,230.50474401377662,0.012887233481575588,0.0025198812021958662,0.19914369951445568,Red,5.25887122711338,32.69822122883073
231,231.50081937070183,0.5071102464959867,5.2052561453975725,8.488966469363561,231.0965614,1016.5884391595143,231.5045873707019,0.0005410942574425483,0.0008450263313768663,-0.0004896972338488504,231.5045873707019,0.012521030006963665,0.0024944399018432964,0.19919696659397962,Red,5.243040937026902,33.634873091564344
232,232.50072498883176,0.7247052620716954,5.134450736960345,8.51226219604358,232.0971404,1016.5884396712274,232.50449298883177,0.00034775965221825933,0.0004659798068089618,-0.0006588808925862873,232.50449298883177,0.012214966915447194,0.0024896923123392304,0.19919098978377547,Red,5.199593105029042,34.601591988568444
233,233.5006266923579,0.9487321093817283,5.054491587133568,8.542447042156134,233.0977154,1016.5884399711732,233.50439469235783,0.00014473310687100507,0.0001713189675511073,-0.0007460001507589376,233.50439469235783,0.01214446408161048,0.0025377799976005946,0.1990747250889538,Red,5.145363797319747,35.44071755828252
234,234.5004453955252,1.1621846876546749,4.988780279134302,8.568018470817158,234.0982914,1016.5884401027696,234.5042133955251,-4.865603277904745e-06,2.7061249122145538e-05,-0.0007752530354374701,234.5042133955251,0.012289718651683783,0.0026819868745179636,0.19881181602855474,Red,5.099906407278008,36.04327974850349
235,235.50021264439434,1.3458733284939308,4.948313197371308,8.583203574795936,235.0988694,1016.5884401293636,235.5039806443942,-7.681072653851847e-05,5.657765953540518e-06,-0.0007723248400329084,235.5039806443942,0.012517571502931946,0.0029644414001269107,0.1983903090469717,Red,5.074269498465832,36.35389036806284
236,236.50003289285644,1.4756934860142472,4.935594616905555,8.586735630372537,236.0994484,1016.5884401054367,236.50380089285633,-6.15229556738171e-05,1.3864527076111248e-05,-0.0007569639795804849,236.50380089285633,0.012725863314980435,0.0033969686653147263,0.1978490820857376,Red,5.072549928614105,36.32640103610757
237,237.49993769066256,1.5253947297320556,4.95155281571785,8.579287690980419,237.1000254,1016.5884400671109,237.50370569066257,4.777439277937868e-05,-5.4670745488308126e-05,-0.0007417569628701275,237.50370569066257,0.012872598534807394,0.003910232767027715,0.19734175723194536,Red,5.096053013017627,35.907958885806096
238,238.49984792864876,1.474567185021349,4.997701319476097,8.562790307785129,238.1006034,1016.588440033182,238.5036159286488,0.00025176158085324287,-0.00021600903168232048,-0.0007337275935347038,238.5036159286488,0.012953117212265216,0.004363920215992765,0.1971233809260978,Red,5.143480689652501,35.129063524961836
239,239.4996973324274,1.3180993279143685,5.071858408334427,8.54106480560586,239.1011794,1016.5884400102228,239.50346533242742,0.0005256863227922641,-0.00038013767876345816,-0.0007363995696322028,239.50346533242742,0.01298244872345716,0.004709646304036671,0.19733172897154505,Red,5.207373653753135,34.19052643023721
240,240.49955399506712,1.0782992412541708,5.16021026786027,8.518986703268938,240.1017554,1016.588439997987,240.50332199506713,0.000785570456355959,-0.0004642328890450075,-0.0007509018498505659,240.50332199506713,0.012983101116222454,0.005075910639850059,0.1978232186694151,Red,5.2717648366212275,33.355013056099445
241,241.49957462369693,0.8083110561410773,5.239340266937574,8.499230153230469,241.1023294,1016.5884399934794,241.5033426236969,0.0008948989903461276,-0.0004401853943435753,-0.000775397858632914,241.5033426236969,0.012974587995138221,0.005535088984130302,0.19833927737404777,Red,5.319000580424848,32.75461688984891
242,242.49983885204043,0.5764325491474138,5.291057925960404,8.481930150946301,242.1029054,1016.588439993378,242.50360685204035,0.0007736066103009229,-0.0002839371217149135,-0.0008026897562180672,242.50360685204035,0.01296661979281134,0.00591516834252626,0.1987281411863393,Red,5.3414754541429135,32.37417620534999
243,243.5002722543877,0.43919317080223186,5.3126311544118225,8.467290084876275,243.1034814,1016.588439995123,243.50404025438763,0.00048104475622519897,4.4456279102261975e-05,-0.0008165329402740446,243.50404025438763,0.012958091253545516,0.006024884957926065,0.19896244966641402,Red,5.345136869295908,32.160604703977576
244,244.50070634353804,0.41768958460940897,5.314851950633288,8.4541998602314,244.1040604,1016.5884399971595,244.504474343538,0.00013695113194734954,0.0005697464573934573,-0.0007882552153612649,244.504474343538,0.012938584202738447,0.00585109375413516,0.19907307687950548,Red,5.344119364852288,32.08615530028869
245,245.50097260583382,0.4915172056204907,5.3131797142770365,8.43887050073462,245.1046334,1016.5884399987667,245.50474060583377,-0.00018029416410623718,0.0012413928696353436,-0.0006768437252565343,245.50474060583377,0.012890790372401208,0.005400170200795975,0.19910508522840703,Red,5.351866501096496,32.14018841119072
246,246.50099654511052,0.6154716708583796,5.317234838380189,8.419567201326256,246.1052104,1016.5884399997631,246.5047645451105,-0.0004274887586167494,0.0018795607312656084,-0.0004375487310738965,246.5047645451105,0.012795478025986845,0.0046781807143572015,0.19909424107622717,Red,5.372107844294961,32.28898135512546
247,247.50085773976687,0.7463347496448584,5.327459725363883,8.400005368820961,247.1057884,1016.5884400002384,247.50462573976688,-0.0005444669665347629,0.00223941974570782,-4.502021706230271e-05,247.50462573976688,0.012641616973958127,0.003860363749527129,0.19905821566653398,Red,5.397593172323638,32.46965225420402
248,248.5007129085477,0.8610903896294925,5.340715472741154,8.386185417649472,248.1063584,1016.5884400003704,248.5044809085477,-0.000454660623421666,0.0021815835584417255,0.0004636291769821111,248.5044809085477,0.01245625913950267,0.003188752835520991,0.19899693935621146,Red,5.417392894335385,32.63826726778425
249,249.50063017701856,0.958644555483801,5.355363622568335,8.382565264297954,249.1069414,1016.588440000325,249.50439817701852,-0.00016596586788085788,0.00173383484435034,0.0009700116919306903,249.50439817701852,0.012327702422165965,0.0027736814354330187,0.19889896134929605,Red,5.42285939827797,32.80858144609037
250,250.5005432718265,1.050546557758838,5.370318559325197,8.391843697499219,250.1075174,1016.5884400002187,250.50431127182645,0.0001881679162543982,0.0010253724366631781,0.0013329569684313997,250.50431127182645,0.012346063509543105,0.0025953730478207064,0.19875326639966032,Red,5.407789650316834,33.042040789720595
251,251.50037307626187,1.14851843749397,5.380834080102506,8.415894604226294,251.1080954,1016.5884400001157,251.5041410762618,0.0005009068424886811,0.00023232623839653833,0.0014336697176981332,251.5041410762618,0.012511026631452735,0.0025788888755523035,0.19856752597135585,Red,5.367288182666795,33.40719152635511
252,252.50015116638582,1.2546959931338213,5.375155886596985,8.454117480573029,252.1086694,1016.588440000042,252.50391916638574,0.0007576137822712831,-0.0004823283894422922,0.0011825482822189488,252.50391916638574,0.012730967712035706,0.002632183302444026,0.19839311712603971,Red,5.30115336551595,33.93341233196824
253,253.49998206536063,1.3589322232408114,5.336917292220179,8.500021511247406,253.1092454,1016.5884400000002,253.50375006536052,0.0009260558782803105,-0.0010010131265627677,0.0006138525995221841,253.50375006536052,0.01290771385541257,0.0026707388375244684,0.1983194154053308,Red,5.220198130800825,34.58487268634615
254,254.49989740786754,1.4427681216420496,5.258337031568629,8.542677433938003,254.1098204,1016.5884399999827,254.5036654078674,0.0010150381595298904,-0.0012333429304807577,-6.0251931981602816e-05,254.5036654078674,0.013013131567625454,0.002656452667948107,0.1983948693568363,Red,5.14386554018302,35.27712151865906
255,255.49981818282095,1.4873868158542343,5.1544540828863035,8.573800508712505,255.1103964,1016.5884399999802,255.50358618282087,0.001183308752419267,-0.001167285290034416,-0.0005986994549649143,255.50358618282087,0.013082954661979344,0.0026158076988467417,0.19856785749949213,Red,5.0879424617579145,35.910270814946756
256,256.49967825153874,1.4810449876589171,5.057264648295386,8.591417856043291,256.1109724,1016.5884399999845,256.5034462515387,0.0015447421365062026,-0.000919024170399598,-0.0008968233347809695,256.5034462515387,0.01315821902358732,0.0025960018082761367,0.19874580212337528,Red,5.058304643249158,36.37917230783874
257,257.4995458776566,1.423617690519209,4.99432632042209,8.597318110911992,257.1117114,1016.5884399999906,257.50331387765664,0.0019600235165714882,-0.0006445873170483607,-0.0009948408650560733,257.50331387765664,0.013249601078462354,0.0026158992417198404,0.19887462769869105,Red,5.055416060469141,36.57796772778233
258,258.4995778922373,1.3290087903885297,4.978092812999442,8.593786627852555,258.1121314,1016.5884399999957,258.50334589223746,0.0021604910481936245,-0.0004352054458748032,-0.0009879522335966956,258.50334589223746,0.013337490251434301,0.00266547128559173,0.19894608085081406,Red,5.07951505310857,36.42957022244958
259,259.49985393759323,1.2207475641013033,5.009655167012709,8.582363359859476,259.1127064,1016.5884399999991,259.50362193759344,0.0019715635838474716,-0.0003127793867163746,-0.0009499944729155769,259.50362193759344,0.013400465344368763,0.0027200045197046815,0.19897573794066453,Red,5.131102750033158,35.93077776490566
260,260.500299520975,1.1190407872951869,5.081508549963928,8.564329889283433,260.1132804,1016.5884400000009,260.5040675209752,0.0014172121350662214,-0.00026487628839120766,-0.0009112571590634987,260.5040675209752,0.013430258731736911,0.002748417312918224,0.19898902973048033,Red,5.206648679130208,35.18689398085677
261,261.50074606795704,1.0285494013127299,5.177362094575727,8.542611070729281,261.1138604,1016.5884400000014,261.5045140679572,0.0007132774305540545,-0.00026741754760702666,-0.0008625058033013451,261.5045140679572,0.013413091693700606,0.002734189706712126,0.1990137683968723,Red,5.294445694660152,34.40114663267252
262,262.5010249476849,0.9393317672722069,5.277655046384786,8.523490322542836,262.1144394,1016.5884400000014,262.5047929476849,0.0001194005964935851,-0.0002952505023782014,-0.0007626280440772414,262.5047929476849,0.013343637050323081,0.0026903470137930497,0.19907535079880778,Red,5.378826292543213,33.78614792022173
263,263.5010614978415,0.8431246265349103,5.365795144576057,8.513808474497598,263.1150104,1016.588440000001,263.5048294978413,-0.0002247065002841742,-0.00032391825943164557,-0.0005508570152621049,263.5048294978413,0.013254805830711721,0.002642282625536069,0.19919015591414624,Red,5.446944566366039,33.43586756066835
264,264.50093512088773,0.746286576158776,5.426763507999618,8.51395100759729,264.1155844,1016.5884400000007,264.5047031208872,-0.00030798998370573416,-0.00032690761761324964,-0.00016974475711875375,264.5047031208872,0.013186517299167722,0.0026054443005936673,0.19935323957592418,Red,5.488018105542107,33.27542583561553
265,265.5008024549058,0.6618862980552809,5.447627705302716,8.51702459266783,265.1161644,1016.5884400000004,265.504570454905,-0.00018716140962692787,-0.0002729310916048391,0.0003924230738874551,265.504570454905,0.013136979753402254,0.0025831798697222704,0.19951852294705807,Red,5.492684376859221,33.14011156639039
266,266.5007316897576,0.5939633518789336,5.424365268237383,8.517973057649067,266.1167434,1016.5884400000003,266.50449968975664,4.2852838147670573e-05,-0.00012815869231904518,0.0010333796511577495,266.50449968975664,0.013054603611438804,0.0025729389787435258,0.1996038117607811,Red,5.458054145313881,32.893605463021274
267,267.5006566674746,0.5364402860497285,5.365279859657974,8.51994241762092,267.1176054,1016.5884400000002,267.5044246674739,0.0003342207196601489,0.00013127934679169995,0.0015122724175607178,267.5044246674739,0.012851287338918911,0.002570424632670599,0.19955804840825023,Red,5.391388840903669,32.493880995085554
268,268.50049833575633,0.4834891482818996,5.288948718520025,8.52834332610696,268.1178934,1016.5884400000002,268.50426633575694,0.0007883423960428008,0.0004916550152122785,0.0016091949474393626,268.50426633575694,0.012436890476662424,0.00257177824029456,0.19941408412603792,Red,5.3097814660678955,32.002548433740444
269,269.5002882701204,0.4351948742873035,5.218359099053533,8.541511908798062,269.1184744,1016.5884400000002,269.5040562701236,0.0015793362370995685,0.0008570975079434505,0.001355458221572015,269.5040562701236,0.011799567668015324,0.002574363313493909,0.1992460440124571,Red,5.235337836218188,31.54631712112461
270,270.5001309333456,0.3943883188089204,5.170737117319065,8.55206389746338,270.1190454,1016.5884400000002,270.50389893335307,0.002748705187280187,0.0010464206750262941,0.000992216511299248,270.50389893335307,0.011048804671722704,0.0025767592303680364,0.19910677787412054,Red,5.184934469959613,31.235530726463143
271,271.50005787554215,0.3611318705868806,5.149905316465418,8.555664544726604,271.1196194,1016.5884400000002,271.50382587555504,0.004071564269589844,0.0009346200446287095,0.0006878532672502849,271.50382587555504,0.010327477910185734,0.0025784305942929834,0.19901536674583983,Red,5.162124199535986,31.09752070830759
272,272.4999900909813,0.3315105530756682,5.148423363951454,8.553943621461142,272.1201994,1016.5884400000002,272.5037580909987,0.005126849456907278,0.0006102040801464037,0.0004086145168595875,272.5037580909987,0.009724819496509426,0.002579351892357301,0.19896837489296584,Red,5.159082199719307,31.083357247045306
273,273.4998615861813,0.30067098394181313,5.1556925615284435,8.55072605881594,273.1207734,1016.5884400000002,273.5036295861981,0.005591312918283618,0.0002887430874843685,7.420329188790581e-05,273.5036295861981,0.009292975372312025,0.0025797149763826257,0.19895239878119067,Red,5.164829377157108,31.122499032187918
274,274.49974079354934,0.26703638409362973,5.1647254445539605,8.548230198502019,274.1213464,1016.5884400000002,274.50350879355375,0.005460385386505713,0.0001252401271981576,-0.00028342318050788375,274.50350879355375,0.009085873542479419,0.002579749661031082,0.19895353670888916,Red,5.172199541235159,31.169455721174643
275,275.4997846061316,0.2345125262771841,5.174431941890018,8.54573004117944,275.1219254,1016.5884400000002,275.5035526061033,0.004906475345243362,0.00019440457056718398,-0.000568238503660093,275.5035526061033,0.0091845462081414,0.0025796394232421075,0.19896143230253394,Red,5.180221714274508,31.219526621128157
276,276.50007255868115,0.20884806914849846,5.187150990024602,8.540885094779377,276.1225044,1016.5884400000002,276.50384055859223,0.004077354379310189,0.0005004313285258061,-0.0007248747544965254,276.50384055859223,0.009655327212958493,0.002579499105720355,0.1989699870737535,Red,5.191474053331858,31.291463359185496
277,277.5005298089088,0.19196564182804288,5.20429571438897,8.532443101016408,277.1230784,1016.5884400000002,277.504297808731,0.0031554308863979497,0.000913176141334939,-0.0007482609185020095,277.504297808731,0.010429962213311102,0.002579384231864286,0.19897650569678663,Red,5.207461949313825,31.396270498442416
278,278.500987133926,0.18169012078907543,5.223798913308174,8.521866510020686,278.1236594,1016.5884400000002,278.50475513364916,0.002396668631429646,0.0012470202991224776,-0.0006526921919921159,278.50475513364916,0.011278687423948443,0.0025793108565837683,0.19898042493258614,Red,5.226062570932791,31.51943668078741
279,279.50127503969946,0.17530635448863024,5.240306738551985,8.512715890826772,279.1242314,1016.5884400000002,279.50504303936367,0.001963605278030908,0.0014134415873477241,-0.00046081565452796676,279.50504303936367,0.011948859595199706,0.002579274410180132,0.19898221364468435,Red,5.241921911808591,31.624464958586373
280,280.5013181472343,0.17288597237672904,5.246942283884323,8.508802079335789,280.1248104,1016.5884400000002,280.5050861469753,0.0017915408924772734,0.001395336612221402,-0.0002134573984268781,280.5050861469753,0.012307622064609298,0.0025792630420844466,0.19898264024093593,Red,5.248424692355728,31.66789777500592
281,281.50119599144546,0.17987920448916084,5.23701665868769,8.51340147891456,281.1253844,1016.5884400000002,281.50496399154156,0.0016481349907538515,0.001196385768812558,9.141782593361167e-06,281.50496399154156,0.012367871385128541,0.0025792650937063936,0.1989823894489213,Red,5.239549982450611,31.610672868637415
282,282.50106714486105,0.20734360359896037,5.205165487942824,8.529613043782927,282.1259634,1016.5884400000002,282.50483514575444,0.0013153211020280149,0.0008737973377170356,9.590251878091504e-05,282.50483514575444,0.01225937077322204,0.0025792721314383434,0.19898192669892398,Red,5.210976765445977,31.422439449362862
283,283.50100467447436,0.2685111133265557,5.149494920819172,8.558798832961036,283.1265434,1016.5884400000002,283.50477267671533,0.0007285105825842198,0.0005354183672519818,-1.12046969950956e-05,283.50477267671533,0.01217403209855686,0.0025792793285159253,0.19898150131204392,Red,5.161901639411948,31.095136114457212
284,284.5009514087334,0.36990774397662207,5.075510013044441,8.597303265111304,284.1271144,1016.5884400000002,284.5047194127741,2.2287850987852246e-06,0.0003150218441112631,-0.000255504742606526,284.5047194127741,0.012237543874687807,0.002579284649448281,0.19898120612707237,Red,5.098211694693168,30.668411998216566
285,285.50084169199516,0.4994012104848574,4.997237483405793,8.636781924098162,285.1276934,1016.5884400000002,285.5046096977544,-0.0006161872234334622,0.00032528181116692315,-0.0005338893528924154,285.5046096977544,0.012423562486676039,0.0025792877602050924,0.1989810443367891,Red,5.0327261067531674,30.229938236402614
286,286.50072251870625,0.628161628024004,4.931680392677683,8.668446376989785,286.1282664,1016.5884400000002,286.50449052519815,-0.0008995433433090293,0.0005888479815632155,-0.0007829424799598983,286.50449052519815,0.01263461000518468,0.0025792891192500983,0.19898098126647762,Red,4.979915064521941,29.876856019897154
287,287.5007083714669,0.7315221888767494,4.892212760433913,8.68541284626001,287.1288424,1016.5884400000002,287.50447637720805,-0.0008573708242537349,0.0010079794289542324,-0.0009756278268858878,287.50447637720805,0.012812526944897868,0.0025792893884866615,0.19898097596562864,Red,4.951023381075435,29.684759318817708
288,288.5008208957359,0.8035627857825358,4.887419814012641,8.682317270298674,288.1294194,1016.5884400000002,288.50458889973544,-0.0006948536084028308,0.0013858706823181746,-0.0010737098058481447,288.50458889973544,0.012951267654505296,0.0025792891352028565,0.19898099594238677,Red,4.954136559835981,29.70918054662925
289,289.5009292324558,0.8510573700922321,4.922578625568262,8.655612341704572,289.1299954,1016.5884400000002,289.50469723462635,-0.0004947408832231062,0.001520940739537288,-0.001004317423944123,289.50469723462635,0.013066055256191552,0.0025792887345631246,0.19898102096363066,Red,4.9950401411397545,29.989046687277565
290,290.5008478993914,0.8796488455852314,4.997682820885336,8.60577825899394,290.1305734,1016.5884400000002,290.5046159001854,-0.00015458716654034025,0.0013184340517641928,-0.0007128707425417747,290.5046159001854,0.013167570344495895,0.002579288381195681,0.19898104131598718,Red,5.0737361158457395,30.523021546794414
291,291.5004403809656,0.8876910972058345,5.101793670356752,8.540452764690404,291.1311534,1016.5884400000002,291.5042083809529,0.0003535260648815293,0.0008148502751343071,-0.00024279499007092052,291.5042083809529,0.01324076472551515,0.0025792881426882947,0.1989810542495252,Red,5.178285803477811,31.229897660534526
292,292.4995857254103,0.8733719199799654,5.212059959695732,8.474032628878549,292.1317234,1016.5884400000002,292.50335372508755,0.0008728056685738428,0.00018544907733998505,0.00027648434173969906,292.50335372508755,0.013251225180025092,0.002579288015949627,0.1989810606308234,Red,5.285277161027303,31.952044650112718
293,293.4980906290261,0.8434653984566982,5.304578336592023,8.420335053244582,293.1323004,1016.5884400000002,293.50185862877515,0.0011747332915121793,-0.0002691083536949517,0.0007092149165464815,293.50185862877515,0.013192977277788169,0.0025792879695459925,0.19898106258554055,Red,5.372056709598078,32.53726726882044
294,294.49579784846924,0.8093774031105251,5.367556058861433,8.385204014293103,294.1328804,1016.5884400000002,294.4995658485695,0.0011321963212468414,-0.00030747380361459853,0.000967416616063229,294.4995658485695,0.013099618660302103,0.0025792879688254144,0.1989810621855376,Red,5.428920978095319,32.920592780273985
295,295.4929707232366,0.7775799335218517,5.4024863388433415,8.367124332700843,295.1334524,1016.5884400000002,295.4967387238404,0.0008173154568235419,8.664910372811184e-05,0.0010810992249745467,295.4967387238404,0.01298346200759219,0.0025792879871572466,0.19898106092143475,Red,5.458548207512478,33.11961951842016
296,296.4907811558902,0.747139340878143,5.417037517872798,8.361956868471621,296.1340324,1016.5884400000002,296.49454915694787,0.0003695527474493797,0.000787923661608199,0.0012592266246386828,296.49454915694787,0.012804379519828345,0.002579288008407604,0.19898105964171156,Red,5.468528649276816,33.18378616026371
297,297.49164539549497,0.7134908773589357,5.420171597897706,8.365325504771365,297.1346104,1016.5884400000002,297.49541339669764,-0.00020423088313141285,0.0016794808547687032,0.0017786042401070712,297.49541339669764,0.012504316460595782,0.002579288025129006,0.19898105870082877,Red,5.467124239124014,33.1665085797102
298,298.4992269059114,0.673281928059019,5.419756619088023,8.373186072538052,,1016.5884400000002,298.5029949067433,-0.0009877894179064932,0.002705995279952707,0.0027746902590122923,298.5029949067433,0.012055137459689589,0.002579288035469306,0.1989810581536685,Red,5.461611670272277,33.11542733036985
299,299.5179016498364,0.627729890841815,5.420210573466367,8.382342984456237,,1016.5884400000002,299.5216696498535,-0.0019521683520005643,0.003824161632033768,0.004122952528718829,299.5216696498535,0.011498422443635914,0.002579288040385963,0.19898105791663276,Red,5.456411309064975,33.061792518290986
